TEAM,GP,G,Freq%,FGM,FGA,FG%,eFG%,2FG Freq%,2FGM,2FGA,2FG%,3FG Freq%,3PM,3PA,3P%
LAC,1,1,58.099999999999994,24,50,48.0,54.0,41.9,18,36,50.0,16.3,6,14,42.9
DEN,1,1,44.7,20,42,47.599999999999994,47.599999999999994,43.6,20,41,48.8,1.0999999999999999,0,1,0.0
NYK,1,1,37.6,18,35,51.4,51.4,32.300000000000004,18,30,60.0,5.4,0,5,0.0
MIN,1,1,38.4,15,33,45.5,45.5,38.4,15,33,45.5,0.0,0,0,
DET,1,1,38.4,12,33,36.4,37.9,30.2,11,26,42.3,8.1,1,7,14.299999999999999
MIL,1,1,33.300000000000004,18,28,64.3,67.9,29.799999999999997,16,25,64.0,3.5999999999999996,2,3,66.7
LAL,1,1,30.099999999999998,10,25,40.0,40.0,25.3,10,21,47.599999999999994,4.8,0,4,0.0
IND,1,1,17.299999999999997,6,14,42.9,42.9,17.299999999999997,6,14,42.9,0.0,0,0,
