TEAM,GP,G,Freq%,FGM,FGA,FG%,eFG%,2FG Freq%,2FGM,2FGA,2FG%,3FG Freq%,3PM,3PA,3P%
NYK,1,1,10.8,5,10,50.0,50.0,10.8,5,10,50.0,0.0,0,0,
IND,1,1,9.9,5,8,62.5,62.5,9.9,5,8,62.5,0.0,0,0,
MIL,1,1,8.3,2,7,28.599999999999998,28.599999999999998,7.1,2,6,33.300000000000004,1.2,0,1,0.0
DEN,1,1,7.3999999999999995,2,7,28.599999999999998,28.599999999999998,7.3999999999999995,2,7,28.599999999999998,0.0,0,0,
LAC,1,1,7.000000000000001,5,6,83.3,83.3,7.000000000000001,5,6,83.3,0.0,0,0,
DET,1,1,7.000000000000001,2,6,33.300000000000004,33.300000000000004,7.000000000000001,2,6,33.300000000000004,0.0,0,0,
MIN,1,1,3.5000000000000004,3,3,100.0,100.0,3.5000000000000004,3,3,100.0,0.0,0,0,
LAL,1,1,1.2,0,1,0.0,0.0,1.2,0,1,0.0,0.0,0,0,
