TEAM,GP,G,Freq%,FGM,FGA,FG%,eFG%,2FG Freq%,2FGM,2FGA,2FG%,3FG Freq%,3PM,3PA,3P%
MEM,2,2,50.3,41,92,44.6,47.8,42.6,35,78,44.9,7.7,6,14,42.9
MIL,2,2,45.9,41,89,46.1,47.8,41.199999999999996,38,80,47.5,4.6,3,9,33.300000000000004
PHX,2,2,52.1,41,87,47.099999999999994,48.3,44.3,39,74,52.7,7.8,2,13,15.4
PHI,2,2,49.4,45,77,58.4,61.7,43.6,40,68,58.8,5.800000000000001,5,9,55.60000000000001
TOR,2,2,47.199999999999996,40,77,51.9,53.2,41.699999999999996,38,68,55.900000000000006,5.5,2,9,22.2
CHA,2,2,41.8,37,77,48.1,49.4,39.1,35,72,48.6,2.7,2,5,40.0
HOU,2,2,43.2,32,76,42.1,42.1,42.6,32,75,42.699999999999996,0.6,0,1,0.0
BOS,2,2,42.199999999999996,49,73,67.10000000000001,69.89999999999999,39.300000000000004,45,68,66.2,2.9000000000000004,4,5,80.0
NOP,2,2,40.9,38,72,52.800000000000004,54.2,36.4,36,64,56.3,4.5,2,8,25.0
MIN,2,2,40.1,38,71,53.5,54.2,36.7,37,65,56.89999999999999,3.4000000000000004,1,6,16.7
IND,2,2,40.1,45,69,65.2,68.10000000000001,37.2,41,64,64.1,2.9000000000000004,4,5,80.0
CLE,2,2,41.3,33,69,47.8,50.7,35.9,29,60,48.3,5.4,4,9,44.4
UTA,2,2,35.0,33,69,47.8,48.6,32.5,32,64,50.0,2.5,1,5,20.0
GSW,2,2,37.5,28,69,40.6,40.6,33.7,28,62,45.2,3.8,0,7,0.0
CHI,2,2,35.8,37,68,54.400000000000006,55.900000000000006,31.1,35,59,59.3,4.7,2,9,22.2
ORL,2,2,41.199999999999996,30,68,44.1,46.300000000000004,34.5,27,57,47.4,6.7,3,11,27.3
POR,2,2,37.4,34,67,50.7,53.7,31.3,30,56,53.6,6.1,4,11,36.4
BKN,2,2,41.3,35,64,54.7,55.50000000000001,39.4,34,61,55.7,1.9,1,3,33.300000000000004
NYK,2,2,34.8,36,62,58.099999999999994,61.3,28.7,32,51,62.7,6.2,4,11,36.4
LAL,2,2,36.5,27,61,44.3,49.2,28.1,21,47,44.7,8.4,6,14,42.9
ATL,2,2,32.6,23,61,37.7,39.300000000000004,28.9,21,54,38.9,3.6999999999999997,2,7,28.599999999999998
DET,2,2,35.199999999999996,29,58,50.0,50.0,30.9,29,51,56.89999999999999,4.2,0,7,0.0
DEN,1,1,40.6,21,41,51.2,51.2,39.6,21,40,52.5,1.0,0,1,0.0
OKC,1,1,37.8,18,37,48.6,50.0,32.7,17,32,53.1,5.1,1,5,20.0
SAS,1,1,36.3,15,37,40.5,43.2,30.4,13,31,41.9,5.8999999999999995,2,6,33.300000000000004
DAL,1,1,39.5,18,34,52.900000000000006,55.900000000000006,37.2,16,32,50.0,2.3,2,2,100.0
LAC,1,1,41.0,16,32,50.0,54.7,30.8,13,24,54.2,10.299999999999999,3,8,37.5
SAC,1,1,32.6,17,28,60.699999999999996,66.10000000000001,24.4,14,21,66.7,8.1,3,7,42.9
WAS,1,1,31.1,16,28,57.099999999999994,57.099999999999994,30.0,16,27,59.3,1.0999999999999999,0,1,0.0
MIA,1,1,29.2,15,28,53.6,57.099999999999994,25.0,13,24,54.2,4.2,2,4,50.0
