TEAM,GP,G,Freq%,FGM,FGA,FG%,eFG%,2FG Freq%,2FGM,2FGA,2FG%,3FG Freq%,3PM,3PA,3P%
HOU,37,37,8.799999999999999,127,286,44.4,44.800000000000004,8.5,125,277,45.1,0.3,2,9,22.2
CHI,38,38,7.3999999999999995,120,270,44.4,44.6,7.3,119,265,44.9,0.1,1,5,20.0
ORL,40,40,8.3,116,267,43.4,43.8,7.9,114,256,44.5,0.3,2,11,18.2
DAL,38,38,7.6,114,262,43.5,43.5,7.6,114,260,43.8,0.1,0,2,0.0
MEM,38,38,7.3999999999999995,112,262,42.699999999999996,43.1,7.199999999999999,110,254,43.3,0.2,2,8,25.0
NOP,39,39,7.3,121,253,47.8,48.0,7.1,120,247,48.6,0.2,1,6,16.7
OKC,37,37,8.0,113,252,44.800000000000004,44.800000000000004,7.8,113,248,45.6,0.1,0,4,0.0
BKN,38,38,7.7,130,243,53.5,53.7,7.6,129,242,53.300000000000004,0.0,1,1,100.0
GSW,38,38,7.1,104,237,43.9,44.1,7.000000000000001,103,234,44.0,0.1,1,3,33.300000000000004
CLE,37,37,7.1,104,234,44.4,44.9,6.800000000000001,102,224,45.5,0.3,2,10,20.0
ATL,38,38,6.7,102,234,43.6,44.4,6.3,98,221,44.3,0.4,4,13,30.8
CHA,35,34,7.6,103,232,44.4,45.300000000000004,7.3,99,224,44.2,0.3,4,8,50.0
SAS,37,35,6.800000000000001,99,232,42.699999999999996,42.699999999999996,6.6000000000000005,99,227,43.6,0.1,0,5,0.0
TOR,38,38,6.800000000000001,104,228,45.6,45.800000000000004,6.7,103,225,45.800000000000004,0.1,1,3,33.300000000000004
PHI,36,36,7.5,114,226,50.4,51.1,7.1,111,215,51.6,0.4,3,11,27.3
IND,39,39,6.4,97,222,43.7,43.9,6.4,96,220,43.6,0.1,1,2,50.0
DET,38,38,6.7,99,221,44.800000000000004,45.0,6.5,98,217,45.2,0.1,1,4,25.0
NYK,39,39,6.4,110,219,50.2,50.9,6.1,107,209,51.2,0.3,3,10,30.0
WAS,36,36,6.5,92,219,42.0,42.5,6.4,90,214,42.1,0.1,2,5,40.0
POR,37,37,6.6000000000000005,99,214,46.300000000000004,46.300000000000004,6.4,99,210,47.099999999999994,0.1,0,4,0.0
UTA,36,36,6.4,109,211,51.7,51.7,6.4,109,210,51.9,0.0,0,1,0.0
BOS,38,37,6.3,93,209,44.5,45.2,5.8999999999999995,90,196,45.9,0.4,3,13,23.1
LAL,36,36,6.3,101,203,49.8,50.5,6.1,98,197,49.7,0.2,3,6,50.0
DEN,37,36,6.0,98,203,48.3,49.5,5.7,93,191,48.699999999999996,0.4,5,12,41.699999999999996
LAC,37,37,6.4,92,203,45.300000000000004,46.1,6.2,89,196,45.4,0.2,3,7,42.9
SAC,38,38,5.8999999999999995,88,195,45.1,45.6,5.800000000000001,86,192,44.800000000000004,0.1,2,3,66.7
MIA,36,36,5.8999999999999995,87,187,46.5,46.800000000000004,5.800000000000001,86,184,46.7,0.1,1,3,33.300000000000004
MIN,37,36,5.6000000000000005,89,183,48.6,49.2,5.5,87,177,49.2,0.2,2,6,33.300000000000004
MIL,36,35,5.7,77,183,42.1,42.6,5.4,75,174,43.1,0.3,2,9,22.2
PHX,36,35,5.5,74,176,42.0,42.3,5.4,73,173,42.199999999999996,0.1,1,3,33.300000000000004
