TEAM,GP,G,Freq%,FGM,FGA,FG%,eFG%,2FG Freq%,2FGM,2FGA,2FG%,3FG Freq%,3PM,3PA,3P%
HOU,31,31,8.6,108,238,45.4,45.800000000000004,8.4,106,230,46.1,0.3,2,8,25.0
CHI,32,32,7.7,105,233,45.1,45.300000000000004,7.5,104,228,45.6,0.2,1,5,20.0
MEM,32,32,7.8,99,229,43.2,43.7,7.6,97,223,43.5,0.2,2,6,33.300000000000004
ORL,33,33,8.0,91,212,42.9,43.2,7.7,90,206,43.7,0.2,1,6,16.7
NOP,32,32,7.199999999999999,101,207,48.8,48.8,7.1,101,204,49.5,0.1,0,3,0.0
DAL,32,32,7.1,94,206,45.6,45.6,7.1,94,204,46.1,0.1,0,2,0.0
CHA,31,30,7.7,94,206,45.6,46.6,7.3999999999999995,90,198,45.5,0.3,4,8,50.0
OKC,30,30,8.0,85,203,41.9,41.9,7.8,85,200,42.5,0.1,0,3,0.0
SAS,31,29,7.1,90,201,44.800000000000004,44.800000000000004,7.000000000000001,90,198,45.5,0.1,0,3,0.0
TOR,31,31,7.199999999999999,88,199,44.2,44.5,7.1,87,196,44.4,0.1,1,3,33.300000000000004
GSW,31,31,7.199999999999999,84,197,42.6,42.9,7.1,83,194,42.8,0.1,1,3,33.300000000000004
CLE,31,31,7.1,87,194,44.800000000000004,45.4,6.7,85,184,46.2,0.4,2,10,20.0
IND,32,32,6.7,83,191,43.5,43.7,6.7,82,190,43.2,0.0,1,1,100.0
ATL,32,32,6.5,83,191,43.5,44.5,6.1,79,178,44.4,0.4,4,13,30.8
WAS,29,29,7.1,81,191,42.4,42.699999999999996,6.9,80,187,42.8,0.1,1,4,25.0
DET,31,31,6.9,86,188,45.7,46.0,6.7,85,184,46.2,0.1,1,4,25.0
BKN,31,31,7.199999999999999,98,186,52.7,53.0,7.199999999999999,97,185,52.400000000000006,0.0,1,1,100.0
PHI,29,29,7.6,91,185,49.2,50.0,7.199999999999999,88,176,50.0,0.4,3,9,33.300000000000004
NYK,32,32,6.5,88,183,48.1,48.9,6.2,85,173,49.1,0.4,3,10,30.0
BOS,31,31,6.4,83,180,46.1,46.9,6.0,80,168,47.599999999999994,0.4,3,12,25.0
POR,31,31,6.4,83,176,47.199999999999996,47.199999999999996,6.4,83,174,47.699999999999996,0.1,0,2,0.0
LAC,31,31,6.6000000000000005,76,173,43.9,44.800000000000004,6.3,73,166,44.0,0.3,3,7,42.9
LAL,30,30,6.3,87,170,51.2,51.5,6.2,86,167,51.5,0.1,1,3,33.300000000000004
SAC,32,32,6.1,78,170,45.9,46.5,6.0,76,167,45.5,0.1,2,3,66.7
UTA,30,30,6.2,88,169,52.1,52.1,6.1,88,168,52.400000000000006,0.0,0,1,0.0
DEN,30,30,5.8999999999999995,75,166,45.2,46.1,5.6000000000000005,72,157,45.9,0.3,3,9,33.300000000000004
MIA,29,29,6.2,77,157,49.0,49.4,6.1,76,155,49.0,0.1,1,2,50.0
MIL,30,29,5.6000000000000005,63,151,41.699999999999996,42.4,5.4,61,144,42.4,0.3,2,7,28.599999999999998
PHX,31,30,5.4,68,149,45.6,46.0,5.3,67,146,45.9,0.1,1,3,33.300000000000004
MIN,30,29,5.6000000000000005,70,147,47.599999999999994,48.3,5.4,68,141,48.199999999999996,0.2,2,6,33.300000000000004
