TEAM,GP,G,Freq%,FGM,FGA,FG%,eFG%,2FG Freq%,2FGM,2FGA,2FG%,3FG Freq%,3PM,3PA,3P%
HOU,75,75,8.0,238,529,45.0,45.4,7.8,234,515,45.4,0.2,4,14,28.599999999999998
DAL,76,76,7.6,235,527,44.6,44.7,7.5,234,522,44.800000000000004,0.1,1,5,20.0
OKC,74,74,8.0,229,510,44.9,45.2,7.8,226,500,45.2,0.2,3,10,30.0
CHI,75,75,7.000000000000001,211,501,42.1,42.4,6.9,208,490,42.4,0.2,3,11,27.3
ORL,76,76,8.1,220,499,44.1,44.6,7.8,215,483,44.5,0.3,5,16,31.3
CHA,74,73,7.3,224,480,46.7,47.3,7.1,218,467,46.7,0.2,6,13,46.2
BKN,75,75,7.6,241,478,50.4,50.8,7.5,237,472,50.2,0.1,4,6,66.7
PHI,76,76,7.3,225,478,47.099999999999994,47.599999999999994,7.000000000000001,220,460,47.8,0.3,5,18,27.800000000000004
UTA,75,75,6.9,245,476,51.5,51.800000000000004,6.800000000000001,242,469,51.6,0.1,3,7,42.9
NOP,74,74,7.1,231,474,48.699999999999996,48.9,6.9,229,464,49.4,0.1,2,10,20.0
TOR,75,74,7.1,213,469,45.4,45.6,6.9,211,460,45.9,0.1,2,9,22.2
CLE,75,75,6.800000000000001,198,462,42.9,43.1,6.5,196,445,44.0,0.2,2,17,11.799999999999999
GSW,73,73,7.199999999999999,212,460,46.1,46.300000000000004,7.1,210,452,46.5,0.1,2,8,25.0
WAS,74,74,6.7,202,459,44.0,44.3,6.5,199,449,44.3,0.1,3,10,30.0
ATL,74,74,6.800000000000001,214,455,47.0,47.5,6.6000000000000005,210,438,47.9,0.3,4,17,23.5
MEM,75,75,6.5,198,445,44.5,45.1,6.3,193,433,44.6,0.2,5,12,41.699999999999996
SAS,75,72,6.4,200,442,45.2,45.2,6.2,200,433,46.2,0.1,0,9,0.0
DEN,76,75,6.3,197,440,44.800000000000004,45.7,6.0,189,419,45.1,0.3,8,21,38.1
IND,74,73,6.6000000000000005,193,436,44.3,44.4,6.5,192,429,44.800000000000004,0.1,1,7,14.299999999999999
POR,76,76,6.4,215,432,49.8,49.9,6.3,214,424,50.5,0.1,1,8,12.5
DET,74,74,6.6000000000000005,192,427,45.0,45.1,6.5,191,419,45.6,0.1,1,8,12.5
NYK,74,74,6.5,209,421,49.6,50.2,6.2,204,404,50.5,0.3,5,17,29.4
PHX,76,74,6.1,196,421,46.6,47.099999999999994,5.8999999999999995,191,408,46.800000000000004,0.2,5,13,38.5
BOS,73,72,6.4,173,415,41.699999999999996,42.199999999999996,6.1,169,394,42.9,0.3,4,21,19.0
MIL,74,72,6.0,181,404,44.800000000000004,45.4,5.800000000000001,176,389,45.2,0.2,5,15,33.300000000000004
MIN,76,75,6.0,200,403,49.6,50.0,5.8999999999999995,197,391,50.4,0.2,3,12,25.0
SAC,74,74,6.1,182,400,45.5,45.9,6.0,179,393,45.5,0.1,3,7,42.9
LAL,74,74,5.8999999999999995,186,389,47.8,48.5,5.6000000000000005,181,372,48.699999999999996,0.3,5,17,29.4
MIA,74,74,5.7,176,372,47.3,47.699999999999996,5.5,173,359,48.199999999999996,0.2,3,13,23.1
LAC,74,74,5.6000000000000005,154,358,43.0,43.9,5.4,148,345,42.9,0.2,6,13,46.2
