TEAM,GP,G,Freq%,FGM,FGA,FG%,eFG%,2FG Freq%,2FGM,2FGA,2FG%,3FG Freq%,3PM,3PA,3P%
HOU,51,51,8.4,169,377,44.800000000000004,45.2,8.200000000000001,166,366,45.4,0.2,3,11,27.3
CHI,52,52,7.3999999999999995,161,368,43.8,43.9,7.3,160,362,44.2,0.1,1,6,16.7
DAL,52,52,7.8,156,368,42.4,42.4,7.7,156,365,42.699999999999996,0.1,0,3,0.0
ORL,53,53,8.3,152,353,43.1,43.6,8.0,148,339,43.7,0.3,4,14,28.599999999999998
NOP,51,51,7.5,167,346,48.3,48.6,7.3,165,338,48.8,0.2,2,8,25.0
MEM,51,51,7.000000000000001,147,330,44.5,44.800000000000004,6.9,145,322,45.0,0.2,2,8,25.0
GSW,50,50,7.3,151,324,46.6,46.9,7.199999999999999,149,319,46.7,0.1,2,5,40.0
CHA,48,47,7.7,148,321,46.1,46.7,7.5,144,313,46.0,0.2,4,8,50.0
OKC,48,48,7.7,152,315,48.3,48.4,7.6,151,309,48.9,0.1,1,6,16.7
ATL,51,51,6.800000000000001,144,315,45.7,46.300000000000004,6.5,140,300,46.7,0.3,4,15,26.700000000000003
BKN,51,51,7.3,156,312,50.0,50.5,7.199999999999999,153,307,49.8,0.1,3,5,60.0
CLE,51,51,6.7,131,309,42.4,42.699999999999996,6.5,129,297,43.4,0.3,2,12,16.7
TOR,51,51,6.800000000000001,139,305,45.6,45.7,6.7,138,300,46.0,0.1,1,5,20.0
WAS,50,50,6.6000000000000005,128,304,42.1,42.4,6.5,126,299,42.1,0.1,2,5,40.0
PHI,50,50,7.199999999999999,145,303,47.9,48.3,6.9,142,289,49.1,0.3,3,14,21.4
NYK,51,51,6.7,153,299,51.2,52.0,6.4,148,285,51.9,0.3,5,14,35.699999999999996
POR,52,52,6.5,140,298,47.0,47.0,6.4,140,293,47.8,0.1,0,5,0.0
DET,51,51,6.6000000000000005,134,293,45.7,45.9,6.5,133,289,46.0,0.1,1,4,25.0
SAS,48,45,6.5,125,292,42.8,42.8,6.4,125,286,43.7,0.1,0,6,0.0
DEN,52,51,6.0,131,288,45.5,46.5,5.800000000000001,125,275,45.5,0.3,6,13,46.2
BOS,51,50,6.4,122,286,42.699999999999996,43.2,6.0,119,271,43.9,0.3,3,15,20.0
IND,50,49,6.4,121,286,42.3,42.5,6.3,120,282,42.6,0.1,1,4,25.0
SAC,50,50,6.3,132,280,47.099999999999994,47.699999999999996,6.2,129,274,47.099999999999994,0.1,3,6,50.0
UTA,48,48,6.4,142,278,51.1,51.1,6.3,142,276,51.4,0.0,0,2,0.0
LAL,49,49,6.2,135,271,49.8,50.7,5.8999999999999995,130,261,49.8,0.2,5,10,50.0
PHX,50,49,6.0,117,268,43.7,44.0,5.800000000000001,115,260,44.2,0.2,2,8,25.0
MIN,52,51,5.7,123,260,47.3,47.699999999999996,5.6000000000000005,121,253,47.8,0.2,2,7,28.599999999999998
LAC,50,50,6.0,116,260,44.6,45.4,5.800000000000001,112,251,44.6,0.2,4,9,44.4
MIL,49,47,5.8999999999999995,111,260,42.699999999999996,43.1,5.6000000000000005,109,250,43.6,0.2,2,10,20.0
MIA,49,49,5.800000000000001,118,257,45.9,46.300000000000004,5.7,116,250,46.400000000000006,0.2,2,7,28.599999999999998
