TEAM,GP,G,Freq%,FGM,FGA,FG%,eFG%,2FG Freq%,2FGM,2FGA,2FG%,3FG Freq%,3PM,3PA,3P%
OKC,11,11,9.9,38,95,40.0,40.0,9.8,38,94,40.400000000000006,0.1,0,1,0.0
CLE,12,12,8.200000000000001,45,86,52.300000000000004,52.900000000000006,7.8,44,81,54.300000000000004,0.5,1,5,20.0
TOR,12,12,7.8,44,82,53.7,54.300000000000004,7.7,43,81,53.1,0.1,1,1,100.0
NOP,11,11,8.4,38,82,46.300000000000004,46.300000000000004,8.3,38,81,46.9,0.1,0,1,0.0
GSW,11,11,8.3,35,82,42.699999999999996,43.3,8.200000000000001,34,81,42.0,0.1,1,1,100.0
CHI,11,11,7.6,37,80,46.300000000000004,46.300000000000004,7.5,37,79,46.800000000000004,0.1,0,1,0.0
IND,10,10,8.799999999999999,34,80,42.5,42.5,8.799999999999999,34,80,42.5,0.0,0,0,
BOS,12,12,7.199999999999999,39,78,50.0,51.9,6.5,36,71,50.7,0.6,3,7,42.9
CHA,11,11,7.6,32,73,43.8,45.2,7.3,30,70,42.9,0.3,2,3,66.7
BKN,11,11,7.9,37,72,51.4,52.1,7.8,36,71,50.7,0.1,1,1,100.0
LAC,11,11,7.6,32,71,45.1,46.5,7.1,30,66,45.5,0.5,2,5,40.0
SAS,10,10,7.9,35,70,50.0,50.0,7.8,35,69,50.7,0.1,0,1,0.0
DAL,11,11,7.1,34,69,49.3,49.3,7.000000000000001,34,68,50.0,0.1,0,1,0.0
DET,12,12,6.3,30,67,44.800000000000004,45.5,6.0,29,64,45.300000000000004,0.3,1,3,33.300000000000004
PHI,10,10,8.0,35,66,53.0,53.800000000000004,7.3999999999999995,34,61,55.7,0.6,1,5,20.0
ATL,12,12,6.2,26,66,39.4,40.9,5.800000000000001,24,62,38.7,0.4,2,4,50.0
LAL,10,10,7.1,38,65,58.5,59.199999999999996,6.9,37,63,58.699999999999996,0.2,1,2,50.0
UTA,10,10,7.000000000000001,34,65,52.300000000000004,52.300000000000004,7.000000000000001,34,65,52.300000000000004,0.0,0,0,
NYK,10,10,7.3999999999999995,36,64,56.3,56.99999999999999,7.1,35,61,57.4,0.3,1,3,33.300000000000004
WAS,9,9,7.7,29,64,45.300000000000004,45.300000000000004,7.6,29,63,46.0,0.1,0,1,0.0
HOU,10,10,7.3,29,63,46.0,46.800000000000004,6.9,28,59,47.5,0.5,1,4,25.0
SAC,11,11,6.4,25,63,39.7,39.7,6.4,25,63,39.7,0.0,0,0,
PHX,11,11,6.0,28,61,45.9,46.7,5.800000000000001,27,59,45.800000000000004,0.2,1,2,50.0
MEM,11,11,6.0,28,60,46.7,47.5,5.800000000000001,27,58,46.6,0.2,1,2,50.0
MIN,11,11,6.0,28,58,48.3,49.1,5.800000000000001,27,56,48.199999999999996,0.2,1,2,50.0
ORL,12,12,5.800000000000001,25,58,43.1,44.0,5.7,24,57,42.1,0.1,1,1,100.0
DEN,10,10,6.0,29,56,51.800000000000004,51.800000000000004,5.8999999999999995,29,55,52.7,0.1,0,1,0.0
POR,12,12,5.3,27,56,48.199999999999996,48.199999999999996,5.3,27,55,49.1,0.1,0,1,0.0
MIA,10,10,6.1,23,54,42.6,42.6,6.1,23,54,42.6,0.0,0,0,
MIL,11,10,5.5,21,54,38.9,39.800000000000004,5.3,20,52,38.5,0.2,1,2,50.0
