TEAM,GP,G,Freq%,FGM,FGA,FG%,eFG%,2FG Freq%,2FGM,2FGA,2FG%,3FG Freq%,3PM,3PA,3P%
HOU,56,56,8.3,184,410,44.9,45.2,8.1,181,399,45.4,0.2,3,11,27.3
DAL,57,57,7.8,168,405,41.5,41.5,7.7,168,401,41.9,0.1,0,4,0.0
CHI,56,56,7.3999999999999995,172,395,43.5,43.8,7.199999999999999,170,387,43.9,0.1,2,8,25.0
ORL,58,58,8.1,162,378,42.9,43.4,7.8,158,364,43.4,0.3,4,14,28.599999999999998
NOP,56,56,7.3999999999999995,179,376,47.599999999999994,47.9,7.199999999999999,177,368,48.1,0.2,2,8,25.0
OKC,54,54,7.8,170,358,47.5,47.8,7.6,168,351,47.9,0.2,2,7,28.599999999999998
CHA,54,53,7.3999999999999995,163,353,46.2,46.7,7.3,159,345,46.1,0.2,4,8,50.0
GSW,55,55,7.3,168,352,47.699999999999996,48.0,7.199999999999999,166,347,47.8,0.1,2,5,40.0
MEM,56,56,6.800000000000001,155,352,44.0,44.3,6.7,153,344,44.5,0.2,2,8,25.0
CLE,56,56,6.800000000000001,150,345,43.5,43.8,6.6000000000000005,148,333,44.4,0.2,2,12,16.7
BKN,55,55,7.3999999999999995,169,341,49.6,50.0,7.3,166,336,49.4,0.1,3,5,60.0
ATL,56,56,6.7,160,341,46.9,47.5,6.4,156,326,47.9,0.3,4,15,26.700000000000003
WAS,55,55,6.5,139,332,41.9,42.199999999999996,6.4,137,327,41.9,0.1,2,5,40.0
NYK,56,56,6.7,166,331,50.2,50.9,6.4,161,316,50.9,0.3,5,15,33.300000000000004
PHI,55,55,7.1,155,331,46.800000000000004,47.599999999999994,6.800000000000001,150,315,47.599999999999994,0.3,5,16,31.3
TOR,56,56,6.7,152,330,46.1,46.2,6.6000000000000005,151,325,46.5,0.1,1,5,20.0
POR,56,56,6.7,159,327,48.6,48.6,6.6000000000000005,159,322,49.4,0.1,0,5,0.0
SAS,54,51,6.5,141,326,43.3,43.3,6.4,141,320,44.1,0.1,0,6,0.0
UTA,54,54,6.5,167,321,52.0,52.0,6.4,167,318,52.5,0.1,0,3,0.0
DET,56,56,6.5,145,320,45.300000000000004,45.5,6.5,144,316,45.6,0.1,1,4,25.0
DEN,56,55,6.1,139,313,44.4,45.4,5.800000000000001,133,299,44.5,0.3,6,14,42.9
BOS,55,54,6.4,131,310,42.3,42.699999999999996,6.1,128,294,43.5,0.3,3,16,18.8
IND,54,53,6.4,130,308,42.199999999999996,42.4,6.3,129,304,42.4,0.1,1,4,25.0
SAC,55,55,6.2,142,305,46.6,47.0,6.1,139,298,46.6,0.1,3,7,42.9
PHX,55,54,6.0,133,301,44.2,44.5,5.800000000000001,131,291,45.0,0.2,2,10,20.0
MIN,57,56,5.8999999999999995,144,295,48.8,49.2,5.7,142,287,49.5,0.2,2,8,25.0
LAL,54,54,6.1,144,293,49.1,50.0,5.800000000000001,139,280,49.6,0.3,5,13,38.5
MIL,55,53,5.800000000000001,126,288,43.8,44.1,5.6000000000000005,124,278,44.6,0.2,2,10,20.0
MIA,54,54,5.800000000000001,131,279,47.0,47.3,5.6000000000000005,129,272,47.4,0.1,2,7,28.599999999999998
LAC,54,54,6.0,126,278,45.300000000000004,46.400000000000006,5.7,120,266,45.1,0.3,6,12,50.0
