TEAM,GP,G,Freq%,FGM,FGA,FG%,eFG%,2FG Freq%,2FGM,2FGA,2FG%,3FG Freq%,3PM,3PA,3P%
HOU,68,68,7.9,230,502,45.800000000000004,46.2,7.8,226,494,45.7,0.1,4,8,50.0
POR,69,69,8.1,206,501,41.099999999999994,41.4,7.9,203,488,41.6,0.2,3,13,23.1
DEN,69,68,7.8,226,481,47.0,47.199999999999996,7.6,224,467,48.0,0.2,2,14,14.299999999999999
TOR,68,67,7.8,221,479,46.1,46.1,7.8,221,475,46.5,0.1,0,4,0.0
DET,68,67,7.7,209,471,44.4,45.0,7.3,203,444,45.7,0.4,6,27,22.2
SAC,66,66,7.3999999999999995,222,443,50.1,50.1,7.3,222,438,50.7,0.1,0,5,0.0
ORL,68,68,7.5,202,437,46.2,46.2,7.5,202,435,46.400000000000006,0.0,0,2,0.0
NOP,68,67,7.000000000000001,190,428,44.4,45.2,6.7,183,412,44.4,0.3,7,16,43.8
UTA,68,67,7.1,193,427,45.2,46.0,6.800000000000001,186,408,45.6,0.3,7,19,36.8
BKN,67,67,7.3999999999999995,191,426,44.800000000000004,45.300000000000004,7.1,187,407,45.9,0.3,4,19,21.099999999999998
MEM,68,68,6.7,185,423,43.7,43.9,6.6000000000000005,184,420,43.8,0.0,1,3,33.300000000000004
SAS,67,67,6.9,201,417,48.199999999999996,48.3,6.800000000000001,200,410,48.8,0.1,1,7,14.299999999999999
DAL,69,69,6.800000000000001,205,416,49.3,49.4,6.7,204,412,49.5,0.1,1,4,25.0
CHI,67,66,6.7,190,416,45.7,45.800000000000004,6.7,189,413,45.800000000000004,0.0,1,3,33.300000000000004
WAS,66,66,6.9,184,413,44.6,45.2,6.5,179,389,46.0,0.4,5,24,20.8
GSW,66,66,6.9,183,412,44.4,44.800000000000004,6.6000000000000005,180,398,45.2,0.2,3,14,21.4
CLE,67,67,6.6000000000000005,196,400,49.0,50.1,6.2,187,378,49.5,0.4,9,22,40.9
CHA,66,66,6.7,175,397,44.1,44.800000000000004,6.4,169,382,44.2,0.3,6,15,40.0
PHI,68,67,6.7,179,395,45.300000000000004,45.6,6.6000000000000005,177,390,45.4,0.1,2,5,40.0
ATL,67,66,6.4,185,393,47.099999999999994,47.199999999999996,6.3,184,387,47.5,0.1,1,6,16.7
LAL,66,66,6.9,184,388,47.4,47.8,6.6000000000000005,181,374,48.4,0.2,3,14,21.4
BOS,66,65,6.4,176,375,46.9,47.3,6.2,173,364,47.5,0.2,3,11,27.3
LAC,67,66,6.4,182,373,48.8,49.3,6.2,178,361,49.3,0.2,4,12,33.300000000000004
MIL,66,66,6.4,173,369,46.9,47.4,6.1,169,348,48.6,0.4,4,21,19.0
NYK,66,65,6.2,159,364,43.7,43.8,6.0,158,355,44.5,0.2,1,9,11.1
OKC,67,67,5.800000000000001,163,358,45.5,45.5,5.7,163,355,45.9,0.0,0,3,0.0
MIA,67,67,6.1,155,351,44.2,45.0,5.8999999999999995,149,340,43.8,0.2,6,11,54.50000000000001
MIN,70,70,5.5,159,336,47.3,47.8,5.4,156,330,47.3,0.1,3,6,50.0
IND,66,65,5.4,147,318,46.2,46.5,5.4,145,314,46.2,0.1,2,4,50.0
PHX,69,68,5.0,125,297,42.1,42.8,4.8,121,287,42.199999999999996,0.2,4,10,40.0
