TEAM,GP,G,Freq%,FGM,FGA,FG%,eFG%,2FG Freq%,2FGM,2FGA,2FG%,3FG Freq%,3PM,3PA,3P%
POR,6,6,11.600000000000001,23,62,37.1,37.1,11.4,23,61,37.7,0.2,0,1,0.0
TOR,6,6,8.799999999999999,22,49,44.9,44.9,8.799999999999999,22,49,44.9,0.0,0,0,
NOP,6,6,8.6,21,46,45.7,46.7,8.4,20,45,44.4,0.2,1,1,100.0
ORL,6,6,8.7,16,45,35.6,35.6,8.7,16,45,35.6,0.0,0,0,
GSW,5,5,9.1,23,43,53.5,54.7,8.5,22,40,55.00000000000001,0.6,1,3,33.300000000000004
UTA,5,5,9.8,19,43,44.2,45.300000000000004,9.3,18,41,43.9,0.5,1,2,50.0
LAL,6,6,7.7,20,40,50.0,51.300000000000004,7.5,19,39,48.699999999999996,0.2,1,1,100.0
DEN,5,5,8.4,16,39,41.0,42.3,8.0,15,37,40.5,0.4,1,2,50.0
BOS,6,6,7.000000000000001,15,39,38.5,39.7,6.800000000000001,14,38,36.8,0.2,1,1,100.0
CLE,6,6,7.3,23,38,60.5,60.5,7.1,23,37,62.2,0.2,0,1,0.0
BKN,6,6,7.1,15,38,39.5,39.5,6.9,15,37,40.5,0.2,0,1,0.0
DET,6,6,7.3,18,37,48.6,50.0,6.5,17,33,51.5,0.8,1,4,25.0
MEM,6,6,6.800000000000001,15,37,40.5,40.5,6.800000000000001,15,37,40.5,0.0,0,0,
CHI,6,5,6.6000000000000005,16,36,44.4,44.4,6.6000000000000005,16,36,44.4,0.0,0,0,
CHA,5,5,7.7,18,35,51.4,54.300000000000004,6.6000000000000005,16,30,53.300000000000004,1.0999999999999999,2,5,40.0
ATL,6,6,6.3,20,33,60.6,60.6,6.3,20,33,60.6,0.0,0,0,
OKC,5,5,6.9,18,33,54.50000000000001,54.50000000000001,6.9,18,33,54.50000000000001,0.0,0,0,
NYK,5,5,7.6,15,33,45.5,47.0,7.3999999999999995,14,32,43.8,0.2,1,1,100.0
IND,6,6,5.800000000000001,16,31,51.6,53.2,5.3,15,28,53.6,0.6,1,3,33.300000000000004
MIA,4,4,8.9,16,30,53.300000000000004,56.699999999999996,8.3,14,28,50.0,0.6,2,2,100.0
SAC,5,5,6.9,14,30,46.7,46.7,6.5,14,28,50.0,0.5,0,2,0.0
HOU,4,4,7.6,8,29,27.6,27.6,7.6,8,29,27.6,0.0,0,0,
PHI,4,4,8.0,13,28,46.400000000000006,46.400000000000006,8.0,13,28,46.400000000000006,0.0,0,0,
MIL,5,5,6.6000000000000005,13,28,46.400000000000006,46.400000000000006,6.1,13,26,50.0,0.5,0,2,0.0
WAS,4,4,7.6,13,28,46.400000000000006,48.199999999999996,6.5,12,24,50.0,1.0999999999999999,1,4,25.0
LAC,5,5,5.6000000000000005,13,25,52.0,52.0,5.6000000000000005,13,25,52.0,0.0,0,0,
SAS,4,4,7.1,8,25,32.0,32.0,6.9,8,24,33.300000000000004,0.3,0,1,0.0
DAL,5,5,5.1,9,24,37.5,37.5,5.1,9,24,37.5,0.0,0,0,
PHX,5,5,4.9,10,20,50.0,55.00000000000001,4.2,8,17,47.099999999999994,0.7000000000000001,2,3,66.7
MIN,5,5,4.6,10,19,52.6,52.6,4.6,10,19,52.6,0.0,0,0,
