TEAM,GP,G,Freq%,FGM,FGA,FG%,eFG%,2FG Freq%,2FGM,2FGA,2FG%,3FG Freq%,3PM,3PA,3P%
HOU,53,53,7.9,170,391,43.5,43.7,7.8,168,386,43.5,0.1,2,5,40.0
TOR,53,52,8.0,177,377,46.9,46.9,7.9,177,374,47.3,0.1,0,3,0.0
DET,53,52,7.9,163,376,43.4,44.0,7.3999999999999995,158,354,44.6,0.5,5,22,22.7
POR,53,53,7.8,154,365,42.199999999999996,42.5,7.6,152,358,42.5,0.1,2,7,28.599999999999998
DEN,53,52,7.7,175,359,48.699999999999996,49.0,7.3999999999999995,173,348,49.7,0.2,2,11,18.2
ORL,54,54,7.6,162,351,46.2,46.2,7.5,162,350,46.300000000000004,0.0,0,1,0.0
SAC,51,51,7.5,175,347,50.4,50.4,7.3999999999999995,175,344,50.9,0.1,0,3,0.0
WAS,52,52,7.199999999999999,154,338,45.6,46.2,6.800000000000001,150,318,47.199999999999996,0.4,4,20,20.0
GSW,51,51,7.1,144,330,43.6,43.9,6.800000000000001,142,317,44.800000000000004,0.3,2,13,15.4
MEM,52,52,6.800000000000001,144,329,43.8,43.8,6.800000000000001,144,328,43.9,0.0,0,1,0.0
BKN,52,52,7.3999999999999995,144,327,44.0,44.6,7.1,140,313,44.7,0.3,4,14,28.599999999999998
NOP,52,52,6.9,147,326,45.1,46.0,6.7,141,315,44.800000000000004,0.2,6,11,54.50000000000001
CLE,52,52,6.9,164,321,51.1,52.300000000000004,6.5,156,304,51.300000000000004,0.4,8,17,47.099999999999994
UTA,50,49,7.3,140,320,43.8,44.800000000000004,7.000000000000001,133,305,43.6,0.3,7,15,46.7
DAL,53,53,6.7,151,313,48.199999999999996,48.4,6.6000000000000005,150,309,48.5,0.1,1,4,25.0
ATL,53,52,6.3,144,307,46.9,47.099999999999994,6.2,143,301,47.5,0.1,1,6,16.7
SAS,50,50,6.9,142,306,46.400000000000006,46.6,6.7,141,300,47.0,0.1,1,6,16.7
CHI,53,52,6.3,138,304,45.4,45.4,6.2,138,302,45.7,0.0,0,2,0.0
BOS,52,51,6.5,139,301,46.2,46.7,6.3,136,291,46.7,0.2,3,10,30.0
CHA,50,50,6.7,129,301,42.9,43.9,6.4,123,287,42.9,0.3,6,14,42.9
PHI,52,51,6.6000000000000005,133,294,45.2,45.4,6.5,132,292,45.2,0.0,1,2,50.0
LAL,50,50,6.800000000000001,146,290,50.3,50.5,6.6000000000000005,145,282,51.4,0.2,1,8,12.5
MIL,51,51,6.5,139,289,48.1,48.6,6.1,136,274,49.6,0.3,3,15,20.0
NYK,52,51,6.3,129,289,44.6,44.800000000000004,6.2,128,284,45.1,0.1,1,5,20.0
LAC,51,50,6.3,134,276,48.6,49.1,6.0,131,266,49.2,0.2,3,10,30.0
MIA,50,50,6.2,124,268,46.300000000000004,47.4,5.8999999999999995,118,258,45.7,0.2,6,10,60.0
OKC,50,50,5.6000000000000005,115,260,44.2,44.2,5.6000000000000005,115,258,44.6,0.0,0,2,0.0
IND,51,51,5.5,111,250,44.4,44.6,5.5,110,247,44.5,0.1,1,3,33.300000000000004
MIN,53,53,5.4,109,248,44.0,44.2,5.3,108,244,44.3,0.1,1,4,25.0
PHX,52,51,4.7,87,211,41.199999999999996,41.9,4.6,84,203,41.4,0.2,3,8,37.5
