TEAM,GP,G,Freq%,FGM,FGA,FG%,eFG%,2FG Freq%,2FGM,2FGA,2FG%,3FG Freq%,3PM,3PA,3P%
GSW,11,11,9.6,50,98,51.0,51.5,9.1,49,93,52.7,0.5,1,5,20.0
POR,12,12,9.0,37,98,37.8,37.8,8.9,37,97,38.1,0.1,0,1,0.0
ORL,12,12,8.7,40,91,44.0,44.0,8.7,40,91,44.0,0.0,0,0,
TOR,12,12,7.9,38,88,43.2,43.2,7.9,38,88,43.2,0.0,0,0,
HOU,10,10,8.5,34,80,42.5,42.5,8.4,34,79,43.0,0.1,0,1,0.0
DEN,10,10,8.5,38,77,49.4,50.0,8.3,37,75,49.3,0.2,1,2,50.0
DET,12,12,7.3,37,76,48.699999999999996,49.3,6.800000000000001,36,70,51.4,0.6,1,6,16.7
UTA,10,10,8.9,36,76,47.4,48.0,8.5,35,73,47.9,0.4,1,3,33.300000000000004
SAC,11,11,7.6,46,74,62.2,62.2,7.3999999999999995,46,72,63.9,0.2,0,2,0.0
CHI,11,10,7.199999999999999,33,72,45.800000000000004,45.800000000000004,7.199999999999999,33,72,45.800000000000004,0.0,0,0,
BKN,11,11,7.5,27,71,38.0,38.7,7.1,26,67,38.800000000000004,0.4,1,4,25.0
ATL,12,12,6.5,38,70,54.300000000000004,54.300000000000004,6.4,38,69,55.1,0.1,0,1,0.0
CHA,11,11,7.000000000000001,35,70,50.0,52.900000000000006,6.3,31,63,49.2,0.7000000000000001,4,7,57.099999999999994
PHI,10,10,8.1,30,70,42.9,42.9,8.0,30,69,43.5,0.1,0,1,0.0
MEM,11,11,7.000000000000001,30,70,42.9,42.9,7.000000000000001,30,70,42.9,0.0,0,0,
NOP,11,11,7.199999999999999,29,70,41.4,42.1,7.1,28,69,40.6,0.1,1,1,100.0
LAL,10,10,7.7,35,67,52.2,53.0,7.3999999999999995,34,64,53.1,0.3,1,3,33.300000000000004
SAS,10,10,7.7,28,66,42.4,42.4,7.5,28,64,43.8,0.2,0,2,0.0
CLE,12,12,6.0,37,63,58.699999999999996,59.5,5.800000000000001,36,61,59.0,0.2,1,2,50.0
BOS,12,12,5.800000000000001,26,63,41.3,42.1,5.7,25,61,41.0,0.2,1,2,50.0
NYK,10,10,7.1,27,62,43.5,44.4,7.000000000000001,26,61,42.6,0.1,1,1,100.0
MIA,10,10,6.9,29,61,47.5,50.0,6.5,26,58,44.800000000000004,0.3,3,3,100.0
OKC,11,11,5.800000000000001,29,59,49.2,49.2,5.800000000000001,29,59,49.2,0.0,0,0,
MIL,11,11,6.2,29,58,50.0,50.9,5.800000000000001,28,55,50.9,0.3,1,3,33.300000000000004
WAS,9,9,6.9,28,56,50.0,51.800000000000004,6.3,26,51,51.0,0.6,2,5,40.0
LAC,11,11,6.1,26,56,46.400000000000006,46.400000000000006,6.1,26,56,46.400000000000006,0.0,0,0,
DAL,11,11,5.5,25,54,46.300000000000004,46.300000000000004,5.5,25,54,46.300000000000004,0.0,0,0,
IND,10,10,6.0,27,52,51.9,52.900000000000006,5.6000000000000005,26,49,53.1,0.3,1,3,33.300000000000004
MIN,11,11,5.3,25,49,51.0,51.0,5.3,25,49,51.0,0.0,0,0,
PHX,11,11,4.6,22,43,51.2,53.5,4.2,20,40,50.0,0.3,2,3,66.7
