TEAM,GP,G,Freq%,FGM,FGA,FG%,eFG%,2FG Freq%,2FGM,2FGA,2FG%,3FG Freq%,3PM,3PA,3P%
TOR,34,33,8.5,123,262,46.9,46.9,8.5,123,261,47.099999999999994,0.0,0,1,0.0
GSW,33,33,8.200000000000001,117,248,47.199999999999996,47.4,8.0,116,242,47.9,0.2,1,6,16.7
SAC,34,34,8.0,131,244,53.7,53.7,7.9,131,241,54.400000000000006,0.1,0,3,0.0
HOU,33,33,7.9,102,244,41.8,41.8,7.8,102,241,42.3,0.1,0,3,0.0
ORL,35,35,7.9,114,236,48.3,48.3,7.9,114,235,48.5,0.0,0,1,0.0
DEN,32,32,7.9,114,226,50.4,50.7,7.7,113,221,51.1,0.2,1,5,20.0
POR,33,33,7.6,90,224,40.2,40.400000000000006,7.3999999999999995,89,219,40.6,0.2,1,5,20.0
NOP,34,34,7.199999999999999,98,219,44.7,45.9,6.9,93,209,44.5,0.3,5,10,50.0
BKN,34,34,7.5,87,216,40.300000000000004,40.699999999999996,7.199999999999999,85,206,41.3,0.3,2,10,20.0
DET,33,32,7.3,91,214,42.5,43.0,6.800000000000001,89,199,44.7,0.5,2,15,13.3
CLE,33,33,7.1,114,210,54.300000000000004,56.00000000000001,6.800000000000001,107,201,53.2,0.3,7,9,77.8
ATL,34,34,6.7,97,209,46.400000000000006,46.7,6.5,96,203,47.3,0.2,1,6,16.7
MEM,34,34,6.5,82,207,39.6,39.6,6.5,82,206,39.800000000000004,0.0,0,1,0.0
WAS,31,31,7.1,97,199,48.699999999999996,49.5,6.6000000000000005,94,185,50.8,0.5,3,14,21.4
UTA,32,31,7.3,86,199,43.2,44.2,7.000000000000001,82,191,42.9,0.3,4,8,50.0
SAS,33,33,6.800000000000001,88,196,44.9,45.2,6.6000000000000005,87,191,45.5,0.2,1,5,20.0
CHI,34,33,6.2,96,195,49.2,49.2,6.2,96,193,49.7,0.1,0,2,0.0
LAL,33,33,6.800000000000001,100,194,51.5,51.800000000000004,6.7,99,189,52.400000000000006,0.2,1,5,20.0
PHI,32,32,7.1,84,193,43.5,43.8,7.000000000000001,83,191,43.5,0.1,1,2,50.0
LAC,34,34,6.6000000000000005,87,191,45.5,46.1,6.3,85,183,46.400000000000006,0.3,2,8,25.0
CHA,32,32,6.6000000000000005,85,189,45.0,46.6,6.1,79,176,44.9,0.5,6,13,46.2
MIL,32,32,6.9,85,189,45.0,45.5,6.5,83,180,46.1,0.3,2,9,22.2
DAL,34,34,6.2,92,186,49.5,49.5,6.2,92,185,49.7,0.0,0,1,0.0
NYK,34,33,6.1,76,181,42.0,42.3,6.0,75,178,42.1,0.1,1,3,33.300000000000004
BOS,34,34,5.800000000000001,81,179,45.300000000000004,46.1,5.5,78,171,45.6,0.3,3,8,37.5
IND,35,35,5.6000000000000005,80,173,46.2,46.5,5.5,79,170,46.5,0.1,1,3,33.300000000000004
MIA,32,32,6.2,81,171,47.4,48.5,6.0,77,166,46.400000000000006,0.2,4,5,80.0
OKC,33,33,5.5,71,167,42.5,42.5,5.4,71,165,43.0,0.1,0,2,0.0
MIN,33,33,5.2,63,146,43.2,43.2,5.1,63,144,43.8,0.1,0,2,0.0
PHX,32,31,4.8,50,131,38.2,38.9,4.6,48,126,38.1,0.2,2,5,40.0
