TEAM,GP,G,Freq%,FGM,FGA,FG%,eFG%,2FG Freq%,2FGM,2FGA,2FG%,3FG Freq%,3PM,3PA,3P%
HOU,56,56,7.9,182,410,44.4,44.6,7.8,180,405,44.4,0.1,2,5,40.0
DET,56,55,8.0,174,402,43.3,44.0,7.5,168,379,44.3,0.5,6,23,26.1
TOR,56,55,7.9,182,393,46.300000000000004,46.300000000000004,7.8,182,390,46.7,0.1,0,3,0.0
POR,56,56,7.9,161,390,41.3,41.5,7.7,159,380,41.8,0.2,2,10,20.0
DEN,56,55,7.8,193,385,50.1,50.4,7.5,191,374,51.1,0.2,2,11,18.2
SAC,55,55,7.5,188,376,50.0,50.0,7.3999999999999995,188,373,50.4,0.1,0,3,0.0
ORL,58,58,7.3999999999999995,173,370,46.800000000000004,46.800000000000004,7.3999999999999995,173,369,46.9,0.0,0,1,0.0
BKN,55,55,7.5,156,352,44.3,44.9,7.199999999999999,152,338,45.0,0.3,4,14,28.599999999999998
GSW,55,55,7.000000000000001,152,352,43.2,43.5,6.7,150,339,44.2,0.3,2,13,15.4
MEM,56,56,6.7,151,351,43.0,43.0,6.7,151,349,43.3,0.0,0,2,0.0
WAS,55,55,7.000000000000001,159,350,45.4,46.0,6.6000000000000005,155,330,47.0,0.4,4,20,20.0
NOP,56,56,6.9,154,349,44.1,45.0,6.6000000000000005,148,336,44.0,0.3,6,13,46.2
CLE,56,56,6.800000000000001,175,344,50.9,52.0,6.4,167,325,51.4,0.4,8,19,42.1
DAL,57,57,6.7,164,337,48.699999999999996,48.8,6.6000000000000005,163,333,48.9,0.1,1,4,25.0
UTA,54,53,7.1,148,337,43.9,45.0,6.800000000000001,141,321,43.9,0.3,7,16,43.8
SAS,54,54,6.9,157,331,47.4,47.599999999999994,6.7,156,325,48.0,0.1,1,6,16.7
ATL,56,55,6.4,152,331,45.9,46.1,6.3,151,325,46.5,0.1,1,6,16.7
CHI,56,55,6.4,146,331,44.1,44.1,6.4,146,329,44.4,0.0,0,2,0.0
CHA,54,54,6.7,143,322,44.4,45.300000000000004,6.4,137,308,44.5,0.3,6,14,42.9
PHI,55,54,6.7,141,317,44.5,44.6,6.6000000000000005,140,314,44.6,0.1,1,3,33.300000000000004
NYK,56,55,6.3,142,316,44.9,45.1,6.2,141,310,45.5,0.1,1,6,16.7
BOS,55,54,6.4,145,312,46.5,47.0,6.2,142,302,47.0,0.2,3,10,30.0
LAL,54,54,6.7,152,311,48.9,49.0,6.6000000000000005,151,303,49.8,0.2,1,8,12.5
MIL,55,55,6.4,147,306,48.0,48.5,6.1,144,291,49.5,0.3,3,15,20.0
LAC,54,53,6.3,143,296,48.3,48.8,6.1,140,286,49.0,0.2,3,10,30.0
MIA,54,54,6.1,130,285,45.6,46.7,5.800000000000001,124,275,45.1,0.2,6,10,60.0
OKC,54,54,5.6000000000000005,128,281,45.6,45.6,5.6000000000000005,128,279,45.9,0.0,0,2,0.0
MIN,57,57,5.5,122,271,45.0,45.4,5.4,120,266,45.1,0.1,2,5,40.0
IND,54,54,5.5,117,263,44.5,44.7,5.4,116,260,44.6,0.1,1,3,33.300000000000004
PHX,55,54,4.7,93,223,41.699999999999996,42.4,4.6,90,215,41.9,0.2,3,8,37.5
