TEAM,GP,G,Freq%,FGM,FGA,FG%,eFG%,2FG Freq%,2FGM,2FGA,2FG%,3FG Freq%,3PM,3PA,3P%
POR,30,30,9.0,111,244,45.5,45.7,8.9,110,241,45.6,0.1,1,3,33.300000000000004
NOP,31,31,8.4,108,238,45.4,45.800000000000004,8.3,106,233,45.5,0.2,2,5,40.0
HOU,28,28,8.7,104,222,46.800000000000004,47.5,8.5,101,215,47.0,0.3,3,7,42.9
DET,29,29,8.3,101,219,46.1,46.1,8.1,101,214,47.199999999999996,0.2,0,5,0.0
ORL,30,30,7.7,82,204,40.2,40.2,7.7,82,204,40.2,0.0,0,0,
CHI,29,29,7.6,101,201,50.2,50.2,7.6,101,200,50.5,0.0,0,1,0.0
SAS,30,30,7.5,100,199,50.3,51.0,7.3,97,194,50.0,0.2,3,5,60.0
WAS,28,28,7.6,85,193,44.0,44.3,7.5,84,190,44.2,0.1,1,3,33.300000000000004
MEM,30,30,7.1,87,192,45.300000000000004,45.300000000000004,7.000000000000001,87,189,46.0,0.1,0,3,0.0
SAC,30,30,7.1,83,191,43.5,43.5,7.000000000000001,83,188,44.1,0.1,0,3,0.0
MIA,28,28,7.199999999999999,81,187,43.3,43.6,7.1,80,183,43.7,0.2,1,4,25.0
DEN,30,30,6.9,79,182,43.4,43.7,6.800000000000001,78,180,43.3,0.1,1,2,50.0
DAL,32,32,6.1,80,175,45.7,45.7,6.0,80,171,46.800000000000004,0.1,0,4,0.0
TOR,31,31,6.4,88,174,50.6,50.6,6.4,88,174,50.6,0.0,0,0,
CLE,32,32,5.8999999999999995,80,174,46.0,46.300000000000004,5.800000000000001,79,171,46.2,0.1,1,3,33.300000000000004
ATL,31,31,6.2,80,174,46.0,46.300000000000004,6.1,79,170,46.5,0.1,1,4,25.0
IND,30,30,6.4,61,172,35.5,35.8,6.3,60,169,35.5,0.1,1,3,33.300000000000004
GSW,31,31,6.2,74,171,43.3,43.6,6.0,73,165,44.2,0.2,1,6,16.7
CHA,30,30,6.1,83,163,50.9,51.5,5.8999999999999995,81,158,51.300000000000004,0.2,2,5,40.0
LAL,29,28,6.7,83,162,51.2,51.9,6.4,81,154,52.6,0.3,2,8,25.0
MIN,31,31,5.8999999999999995,79,162,48.8,49.1,5.8999999999999995,78,161,48.4,0.0,1,1,100.0
PHI,28,28,6.4,77,162,47.5,47.5,6.3,77,160,48.1,0.1,0,2,0.0
LAC,29,29,6.7,77,162,47.5,48.1,6.3,75,153,49.0,0.4,2,9,22.2
UTA,29,29,6.0,77,159,48.4,48.4,5.8999999999999995,77,155,49.7,0.2,0,4,0.0
PHX,29,28,6.1,70,159,44.0,44.3,6.0,69,156,44.2,0.1,1,3,33.300000000000004
BOS,29,29,5.7,71,150,47.3,48.3,5.4,68,142,47.9,0.3,3,8,37.5
OKC,31,31,5.4,80,149,53.7,53.7,5.3,80,148,54.1,0.0,0,1,0.0
MIL,29,28,6.0,74,149,49.7,50.0,5.8999999999999995,73,146,50.0,0.1,1,3,33.300000000000004
BKN,28,28,6.0,60,143,42.0,42.0,5.800000000000001,60,138,43.5,0.2,0,5,0.0
NYK,30,30,4.9,66,133,49.6,50.0,4.7,65,129,50.4,0.1,1,4,25.0
