TEAM,GP,G,Freq%,FGM,FGA,FG%,eFG%,2FG Freq%,2FGM,2FGA,2FG%,3FG Freq%,3PM,3PA,3P%
NOP,37,37,8.7,131,293,44.7,45.1,8.5,129,288,44.800000000000004,0.1,2,5,40.0
POR,36,36,8.9,130,288,45.1,45.5,8.7,128,282,45.4,0.2,2,6,33.300000000000004
CHI,35,35,7.7,123,246,50.0,50.0,7.7,123,245,50.2,0.0,0,1,0.0
DET,34,34,8.0,116,244,47.5,47.5,7.8,116,239,48.5,0.2,0,5,0.0
HOU,32,32,8.3,113,242,46.7,47.3,8.1,110,235,46.800000000000004,0.2,3,7,42.9
ORL,36,36,7.5,101,239,42.3,42.3,7.5,101,239,42.3,0.0,0,0,
SAS,35,35,7.3999999999999995,117,231,50.6,51.300000000000004,7.199999999999999,114,226,50.4,0.2,3,5,60.0
WAS,34,34,7.3,102,225,45.300000000000004,45.6,7.199999999999999,101,222,45.5,0.1,1,3,33.300000000000004
SAC,36,36,7.000000000000001,96,224,42.9,42.9,6.9,96,220,43.6,0.1,0,4,0.0
MIA,34,34,7.000000000000001,100,223,44.800000000000004,45.1,6.9,99,219,45.2,0.1,1,4,25.0
MEM,35,35,6.9,91,220,41.4,41.4,6.800000000000001,91,217,41.9,0.1,0,3,0.0
ATL,37,37,6.2,96,209,45.9,46.400000000000006,6.1,94,204,46.1,0.1,2,5,40.0
TOR,36,36,6.4,100,208,48.1,48.1,6.4,100,208,48.1,0.0,0,0,
DEN,35,35,6.7,88,208,42.3,42.5,6.7,87,206,42.199999999999996,0.1,1,2,50.0
CLE,37,37,6.1,95,207,45.9,46.400000000000006,5.8999999999999995,93,202,46.0,0.1,2,5,40.0
DAL,36,36,6.3,92,203,45.300000000000004,45.300000000000004,6.2,92,198,46.5,0.2,0,5,0.0
CHA,35,35,6.3,104,198,52.5,53.0,6.2,102,193,52.800000000000004,0.2,2,5,40.0
IND,36,36,6.1,72,195,36.9,37.2,6.0,71,192,37.0,0.1,1,3,33.300000000000004
GSW,36,36,6.0,83,192,43.2,43.5,5.8999999999999995,82,186,44.1,0.2,1,6,16.7
PHX,35,34,6.0,81,190,42.6,42.9,5.8999999999999995,80,187,42.8,0.1,1,3,33.300000000000004
MIN,36,36,5.8999999999999995,92,189,48.699999999999996,48.9,5.8999999999999995,91,187,48.699999999999996,0.1,1,2,50.0
UTA,34,34,6.1,90,188,47.9,47.9,6.0,90,184,48.9,0.1,0,4,0.0
PHI,33,33,6.1,84,185,45.4,45.4,6.1,84,183,45.9,0.1,0,2,0.0
MIL,35,34,6.1,89,182,48.9,49.2,6.0,88,179,49.2,0.1,1,3,33.300000000000004
BKN,33,33,6.5,82,181,45.300000000000004,45.300000000000004,6.2,82,174,47.099999999999994,0.3,0,7,0.0
OKC,36,36,5.5,94,177,53.1,53.1,5.5,94,176,53.400000000000006,0.0,0,1,0.0
LAL,33,32,6.5,90,177,50.8,51.4,6.2,88,168,52.400000000000006,0.3,2,9,22.2
BOS,34,34,5.7,88,177,49.7,50.8,5.4,84,166,50.6,0.4,4,11,36.4
LAC,34,32,6.1,81,173,46.800000000000004,47.4,5.800000000000001,79,164,48.199999999999996,0.3,2,9,22.2
NYK,35,35,4.9,78,158,49.4,49.7,4.8,77,154,50.0,0.1,1,4,25.0
