TEAM,GP,G,Freq%,FGM,FGA,FG%,eFG%,2FG Freq%,2FGM,2FGA,2FG%,3FG Freq%,3PM,3PA,3P%
NOP,53,53,8.4,187,406,46.1,46.400000000000006,8.3,184,400,46.0,0.1,3,6,50.0
POR,51,51,8.3,170,384,44.3,44.5,8.200000000000001,168,377,44.6,0.2,2,7,28.599999999999998
HOU,49,49,8.4,162,375,43.2,43.7,8.3,158,367,43.1,0.2,4,8,50.0
CHI,51,51,7.8,182,361,50.4,50.4,7.8,182,360,50.6,0.0,0,1,0.0
MIA,52,52,7.000000000000001,165,344,48.0,48.3,6.9,163,337,48.4,0.1,2,7,28.599999999999998
DET,49,49,7.8,160,341,46.9,46.9,7.6,160,335,47.8,0.1,0,6,0.0
SAS,50,50,7.6,168,337,49.9,50.3,7.5,165,331,49.8,0.1,3,6,50.0
ORL,49,49,7.3999999999999995,131,322,40.699999999999996,40.8,7.3999999999999995,130,320,40.6,0.0,1,2,50.0
DEN,52,52,7.000000000000001,132,317,41.6,41.8,6.9,131,312,42.0,0.1,1,5,20.0
WAS,49,49,7.1,141,314,44.9,45.2,7.000000000000001,139,309,45.0,0.1,2,5,40.0
UTA,51,51,6.7,147,306,48.0,48.0,6.6000000000000005,147,302,48.699999999999996,0.1,0,4,0.0
TOR,52,52,6.4,143,299,47.8,47.8,6.4,143,298,48.0,0.0,0,1,0.0
SAC,52,52,6.5,131,299,43.8,44.1,6.4,129,293,44.0,0.1,2,6,33.300000000000004
DAL,50,50,6.6000000000000005,139,295,47.099999999999994,47.099999999999994,6.4,139,288,48.3,0.2,0,7,0.0
PHI,50,50,6.5,134,295,45.4,45.4,6.4,134,291,46.0,0.1,0,4,0.0
CHA,51,51,6.5,144,293,49.1,50.2,6.2,138,282,48.9,0.2,6,11,54.50000000000001
MEM,49,49,6.6000000000000005,118,292,40.400000000000006,40.6,6.4,117,287,40.8,0.1,1,5,20.0
BOS,51,51,6.2,137,291,47.099999999999994,47.8,5.8999999999999995,133,277,48.0,0.3,4,14,28.599999999999998
ATL,52,51,6.1,130,289,45.0,45.5,5.8999999999999995,127,283,44.9,0.1,3,6,50.0
CLE,52,51,5.8999999999999995,131,282,46.5,46.800000000000004,5.7,129,274,47.099999999999994,0.2,2,8,25.0
GSW,51,51,6.2,126,282,44.7,45.0,6.0,124,271,45.800000000000004,0.2,2,11,18.2
IND,51,51,6.1,101,276,36.6,36.8,6.0,100,273,36.6,0.1,1,3,33.300000000000004
BKN,49,48,6.6000000000000005,124,275,45.1,45.6,6.2,121,259,46.7,0.4,3,16,18.8
MIN,52,52,5.800000000000001,123,271,45.4,46.1,5.7,119,264,45.1,0.2,4,7,57.099999999999994
PHX,51,49,5.8999999999999995,118,269,43.9,44.2,5.800000000000001,116,263,44.1,0.1,2,6,33.300000000000004
LAL,49,48,6.5,134,268,50.0,50.4,6.3,132,259,51.0,0.2,2,9,22.2
LAC,50,48,6.5,129,268,48.1,48.699999999999996,6.2,126,257,49.0,0.3,3,11,27.3
OKC,52,52,5.6000000000000005,130,258,50.4,50.4,5.5,130,256,50.8,0.0,0,2,0.0
MIL,49,48,6.0,116,253,45.800000000000004,46.0,5.8999999999999995,115,250,46.0,0.1,1,3,33.300000000000004
NYK,51,51,5.3,120,244,49.2,49.6,5.1,118,235,50.2,0.2,2,9,22.2
