TEAM,GP,G,Freq%,FGM,FGA,FG%,eFG%,2FG Freq%,2FGM,2FGA,2FG%,3FG Freq%,3PM,3PA,3P%
NOP,28,28,8.5,97,217,44.7,45.2,8.4,95,213,44.6,0.2,2,4,50.0
POR,26,26,8.7,91,207,44.0,44.2,8.6,90,205,43.9,0.1,1,2,50.0
HOU,24,24,9.1,93,199,46.7,47.199999999999996,8.799999999999999,91,193,47.199999999999996,0.3,2,6,33.300000000000004
DET,26,26,8.3,88,194,45.4,45.4,8.0,88,189,46.6,0.2,0,5,0.0
CHI,26,26,7.9,93,185,50.3,50.3,7.8,93,184,50.5,0.0,0,1,0.0
ORL,27,27,7.5,74,179,41.3,41.3,7.5,74,179,41.3,0.0,0,0,
WAS,25,25,7.9,76,176,43.2,43.5,7.7,75,173,43.4,0.1,1,3,33.300000000000004
MIA,25,25,7.6,78,175,44.6,44.9,7.3999999999999995,77,171,45.0,0.2,1,4,25.0
MEM,27,27,7.000000000000001,76,172,44.2,44.2,6.9,76,169,45.0,0.1,0,3,0.0
SAC,26,26,7.199999999999999,73,168,43.5,43.5,7.199999999999999,73,166,44.0,0.1,0,2,0.0
SAS,26,26,7.199999999999999,82,166,49.4,50.3,7.000000000000001,79,161,49.1,0.2,3,5,60.0
TOR,28,28,6.5,83,162,51.2,51.2,6.5,83,162,51.2,0.0,0,0,
ATL,28,28,6.4,72,161,44.7,45.0,6.2,71,157,45.2,0.2,1,4,25.0
DEN,26,26,6.9,72,158,45.6,45.9,6.800000000000001,71,156,45.5,0.1,1,2,50.0
IND,27,27,6.5,56,158,35.4,35.8,6.4,55,155,35.5,0.1,1,3,33.300000000000004
PHI,25,25,6.7,72,152,47.4,47.4,6.6000000000000005,72,151,47.699999999999996,0.0,0,1,0.0
CLE,28,28,5.8999999999999995,70,152,46.1,46.400000000000006,5.800000000000001,69,149,46.300000000000004,0.1,1,3,33.300000000000004
GSW,28,28,6.2,66,152,43.4,43.8,5.8999999999999995,65,146,44.5,0.2,1,6,16.7
LAC,27,27,6.7,72,151,47.699999999999996,48.3,6.3,70,142,49.3,0.4,2,9,22.2
DAL,28,28,6.1,69,151,45.7,45.7,5.8999999999999995,69,147,46.9,0.2,0,4,0.0
CHA,27,27,6.1,77,148,52.0,52.7,5.8999999999999995,75,143,52.400000000000006,0.2,2,5,40.0
PHX,27,26,6.1,66,148,44.6,44.9,6.0,65,145,44.800000000000004,0.1,1,3,33.300000000000004
LAL,26,25,6.7,75,144,52.1,52.800000000000004,6.3,73,136,53.7,0.4,2,8,25.0
MIN,27,27,6.0,72,142,50.7,51.1,5.8999999999999995,71,141,50.4,0.0,1,1,100.0
UTA,26,26,6.0,70,140,50.0,50.0,5.800000000000001,70,136,51.5,0.2,0,4,0.0
MIL,27,26,6.0,71,139,51.1,51.4,5.8999999999999995,70,136,51.5,0.1,1,3,33.300000000000004
BKN,26,26,6.3,59,139,42.4,42.4,6.0,59,134,44.0,0.2,0,5,0.0
BOS,26,26,5.7,64,134,47.8,48.9,5.4,61,128,47.699999999999996,0.3,3,6,50.0
OKC,27,27,5.4,73,129,56.599999999999994,56.599999999999994,5.3,73,128,56.99999999999999,0.0,0,1,0.0
NYK,26,26,5.0,59,117,50.4,50.9,4.8,58,113,51.300000000000004,0.2,1,4,25.0
