TEAM,GP,G,Freq%,FGM,FGA,FG%,eFG%,2FG Freq%,2FGM,2FGA,2FG%,3FG Freq%,3PM,3PA,3P%
NOP,47,47,8.4,168,360,46.7,47.099999999999994,8.3,165,354,46.6,0.1,3,6,50.0
POR,45,45,8.6,155,348,44.5,44.800000000000004,8.4,153,341,44.9,0.2,2,7,28.599999999999998
HOU,43,43,8.3,144,321,44.9,45.5,8.1,140,313,44.7,0.2,4,8,50.0
CHI,44,44,7.6,151,305,49.5,49.5,7.6,151,304,49.7,0.0,0,1,0.0
DET,42,42,7.9,141,298,47.3,47.3,7.8,141,293,48.1,0.1,0,5,0.0
ORL,43,43,7.7,121,293,41.3,41.5,7.7,120,292,41.099999999999994,0.0,1,1,100.0
SAS,45,45,7.199999999999999,143,290,49.3,49.8,7.1,140,284,49.3,0.1,3,6,50.0
WAS,43,43,7.3999999999999995,128,285,44.9,45.1,7.3,127,281,45.2,0.1,1,4,25.0
MIA,43,43,7.000000000000001,128,282,45.4,45.7,6.800000000000001,126,276,45.7,0.1,2,6,33.300000000000004
DEN,46,46,6.800000000000001,115,271,42.4,42.6,6.7,114,269,42.4,0.0,1,2,50.0
SAC,46,46,6.6000000000000005,116,269,43.1,43.1,6.5,116,265,43.8,0.1,0,4,0.0
TOR,46,46,6.4,123,267,46.1,46.1,6.4,123,266,46.2,0.0,0,1,0.0
MEM,43,43,6.800000000000001,109,264,41.3,41.3,6.7,109,260,41.9,0.1,0,4,0.0
UTA,44,44,6.5,124,258,48.1,48.1,6.4,124,254,48.8,0.1,0,4,0.0
PHI,43,43,6.6000000000000005,118,258,45.7,45.7,6.5,118,255,46.300000000000004,0.1,0,3,0.0
ATL,47,46,6.0,119,257,46.300000000000004,46.9,5.8999999999999995,116,251,46.2,0.1,3,6,50.0
GSW,46,46,6.2,113,255,44.3,44.7,6.0,111,244,45.5,0.3,2,11,18.2
CHA,45,45,6.2,124,250,49.6,50.0,6.1,122,244,50.0,0.1,2,6,33.300000000000004
CLE,45,44,6.0,115,250,46.0,46.400000000000006,5.8999999999999995,113,244,46.300000000000004,0.1,2,6,33.300000000000004
DAL,44,44,6.3,117,249,47.0,47.0,6.2,117,244,48.0,0.1,0,5,0.0
BOS,44,44,6.2,122,248,49.2,50.0,5.800000000000001,118,234,50.4,0.3,4,14,28.599999999999998
IND,45,45,6.0,91,241,37.8,38.0,5.8999999999999995,90,238,37.8,0.1,1,3,33.300000000000004
BKN,43,42,6.5,109,237,46.0,46.400000000000006,6.1,107,225,47.599999999999994,0.3,2,12,16.7
PHX,45,43,5.8999999999999995,101,237,42.6,43.0,5.7,99,231,42.9,0.1,2,6,33.300000000000004
MIN,44,44,6.0,108,235,46.0,46.6,5.8999999999999995,105,230,45.7,0.1,3,5,60.0
LAL,43,42,6.4,120,230,52.2,52.6,6.2,118,221,53.400000000000006,0.3,2,9,22.2
LAC,44,42,6.3,105,230,45.7,46.300000000000004,6.0,102,219,46.6,0.3,3,11,27.3
OKC,45,45,5.6000000000000005,116,225,51.6,51.6,5.6000000000000005,116,224,51.800000000000004,0.0,0,1,0.0
MIL,43,42,5.800000000000001,99,212,46.7,46.9,5.7,98,209,46.9,0.1,1,3,33.300000000000004
NYK,44,44,5.1,97,205,47.3,47.8,4.9,95,197,48.199999999999996,0.2,2,8,25.0
