TEAM,GP,G,Freq%,FGM,FGA,FG%,eFG%,2FG Freq%,2FGM,2FGA,2FG%,3FG Freq%,3PM,3PA,3P%
DET,9,9,8.6,36,70,51.4,51.4,8.4,36,68,52.900000000000006,0.2,0,2,0.0
WAS,9,9,8.6,30,70,42.9,42.9,8.4,30,69,43.5,0.1,0,1,0.0
GSW,10,10,7.7,30,67,44.800000000000004,44.800000000000004,7.3,30,63,47.599999999999994,0.5,0,4,0.0
CHI,8,8,9.3,38,66,57.599999999999994,57.599999999999994,9.3,38,66,57.599999999999994,0.0,0,0,
HOU,8,8,8.9,33,63,52.400000000000006,53.2,8.7,32,61,52.5,0.3,1,2,50.0
ORL,9,9,8.200000000000001,23,63,36.5,36.5,8.200000000000001,23,63,36.5,0.0,0,0,
UTA,9,9,7.8,27,62,43.5,43.5,7.3,27,58,46.6,0.5,0,4,0.0
SAC,9,9,7.8,23,62,37.1,37.1,7.8,23,62,37.1,0.0,0,0,
MIN,9,9,7.9,32,60,53.300000000000004,54.2,7.8,31,59,52.5,0.1,1,1,100.0
MEM,10,10,6.6000000000000005,25,59,42.4,42.4,6.5,25,58,43.1,0.1,0,1,0.0
ATL,9,9,7.199999999999999,25,57,43.9,43.9,7.199999999999999,25,57,43.9,0.0,0,0,
BKN,9,9,7.199999999999999,22,57,38.6,38.6,7.000000000000001,22,55,40.0,0.3,0,2,0.0
POR,8,8,7.5,23,54,42.6,42.6,7.5,23,54,42.6,0.0,0,0,
DEN,8,8,7.3999999999999995,22,53,41.5,41.5,7.3999999999999995,22,53,41.5,0.0,0,0,
MIL,9,9,6.5,31,52,59.599999999999994,59.599999999999994,6.5,31,52,59.599999999999994,0.0,0,0,
IND,8,8,6.800000000000001,21,52,40.400000000000006,40.400000000000006,6.800000000000001,21,52,40.400000000000006,0.0,0,0,
NOP,8,8,7.3,19,52,36.5,37.5,7.1,18,50,36.0,0.3,1,2,50.0
BOS,10,10,5.4,23,51,45.1,47.099999999999994,5.1,21,48,43.8,0.3,2,3,66.7
TOR,9,9,6.0,25,48,52.1,52.1,6.0,25,48,52.1,0.0,0,0,
MIA,9,9,5.800000000000001,20,47,42.6,43.6,5.5,19,45,42.199999999999996,0.2,1,2,50.0
PHI,8,8,6.3,25,46,54.300000000000004,54.300000000000004,6.3,25,46,54.300000000000004,0.0,0,0,
CHA,9,9,5.6000000000000005,23,45,51.1,52.2,5.5,22,44,50.0,0.1,1,1,100.0
SAS,8,8,6.5,25,44,56.8,56.8,6.5,25,44,56.8,0.0,0,0,
CLE,9,9,5.4,14,44,31.8,31.8,5.4,14,44,31.8,0.0,0,0,
OKC,10,10,4.5,24,42,57.099999999999994,57.099999999999994,4.3999999999999995,24,41,58.5,0.1,0,1,0.0
LAL,9,8,5.800000000000001,24,42,57.099999999999994,57.099999999999994,5.4,24,39,61.5,0.4,0,3,0.0
LAC,8,8,6.3,20,42,47.599999999999994,47.599999999999994,6.0,20,40,50.0,0.3,0,2,0.0
PHX,9,9,5.1,15,42,35.699999999999996,35.699999999999996,5.0,15,41,36.6,0.1,0,1,0.0
DAL,9,9,5.2,21,40,52.5,52.5,5.1,21,39,53.800000000000004,0.1,0,1,0.0
NYK,8,8,5.0,16,37,43.2,43.2,4.7,16,35,45.7,0.3,0,2,0.0
