PLAYER_ID,PLAYER,TEAM,AGE,GP,G,FREQ%,FGM,FGA,FG%,EFG%,2FG FREQ%,2FGM,2FGA,2FG%,3FG FREQ%,3PM,3PA,3P%
203497,Rudy Gobert,MIN,33.0,1,1,33.300000000000004,3,3,100.0,100.0,33.300000000000004,3,3,100.0,0.0,0,0,
1630596,Evan Mobley,CLE,24.0,1,1,33.300000000000004,2,3,66.7,66.7,33.300000000000004,2,3,66.7,0.0,0,0,
203932,Aaron Gordon,DEN,30.0,1,1,20.0,2,2,100.0,100.0,20.0,2,2,100.0,0.0,0,0,
1630567,Scottie Barnes,TOR,24.0,1,1,14.299999999999999,1,2,50.0,50.0,14.299999999999999,1,2,50.0,0.0,0,0,
1629661,Cameron Johnson,DEN,30.0,1,1,16.7,1,2,50.0,50.0,16.7,1,2,50.0,0.0,0,0,
1642347,Jamal Shead,TOR,23.0,1,1,18.2,0,2,0.0,0.0,18.2,0,2,0.0,0.0,0,0,
1642867,Collin Murray-Boyles,TOR,20.0,1,1,12.5,1,1,100.0,100.0,12.5,1,1,100.0,0.0,0,0,
1629731,Dean Wade,CLE,29.0,1,1,33.300000000000004,1,1,100.0,100.0,33.300000000000004,1,1,100.0,0.0,0,0,
1630228,Jonathan Kuminga,ATL,23.0,1,1,14.299999999999999,1,1,100.0,100.0,14.299999999999999,1,1,100.0,0.0,0,0,
1630241,Sam Merrill,CLE,29.0,1,1,25.0,0,1,0.0,0.0,25.0,0,1,0.0,0.0,0,0,
1630540,Miles McBride,NYK,25.0,1,1,16.7,0,1,0.0,0.0,16.7,0,1,0.0,0.0,0,0,
1628384,OG Anunoby,NYK,28.0,1,1,11.1,0,1,0.0,0.0,11.1,0,1,0.0,0.0,0,0,
201935,James Harden,CLE,36.0,1,1,5.6000000000000005,0,1,0.0,0.0,5.6000000000000005,0,1,0.0,0.0,0,0,
1630183,Jaden McDaniels,MIN,25.0,1,1,7.1,0,1,0.0,0.0,7.1,0,1,0.0,0.0,0,0,
1628973,Jalen Brunson,NYK,29.0,1,1,4.5,0,1,0.0,0.0,4.5,0,1,0.0,0.0,0,0,
1630552,Jalen Johnson,ATL,24.0,1,1,5.3,0,1,0.0,0.0,5.3,0,1,0.0,0.0,0,0,
203501,Tim Hardaway Jr.,DEN,34.0,1,1,16.7,0,1,0.0,0.0,0.0,0,0,,16.7,0,1,0.0
1631128,Christian Braun,DEN,25.0,1,1,10.0,0,1,0.0,0.0,10.0,0,1,0.0,0.0,0,0,
1642258,Zaccharie Risacher,ATL,21.0,1,1,33.300000000000004,0,1,0.0,0.0,33.300000000000004,0,1,0.0,0.0,0,0,
1629013,Landry Shamet,NYK,29.0,1,1,16.7,0,1,0.0,0.0,16.7,0,1,0.0,0.0,0,0,
