TEAM,GP,G,Freq%,FGM,FGA,FG%,eFG%,2FG Freq%,2FGM,2FGA,2FG%,3FG Freq%,3PM,3PA,3P%
ATL,1,1,43.8,19,35,54.300000000000004,65.7,23.799999999999997,11,19,57.9,20.0,8,16,50.0
TOR,1,1,34.599999999999994,15,28,53.6,67.9,12.3,7,10,70.0,22.2,8,18,44.4
NYK,1,1,29.9,11,26,42.3,51.9,14.899999999999999,6,13,46.2,14.899999999999999,5,13,38.5
DEN,1,1,29.9,11,26,42.3,50.0,14.899999999999999,7,13,53.800000000000004,14.899999999999999,4,13,30.8
CLE,1,1,33.800000000000004,10,24,41.699999999999996,50.0,16.900000000000002,6,12,50.0,16.900000000000002,4,12,33.300000000000004
MIN,1,1,24.099999999999998,8,21,38.1,40.5,12.6,7,11,63.6,11.5,1,10,10.0
