TEAM,GP,G,Freq%,FGM,FGA,FG%,eFG%,2FG Freq%,2FGM,2FGA,2FG%,3FG Freq%,3PM,3PA,3P%
NYK,1,1,41.4,15,36,41.699999999999996,43.1,34.5,14,30,46.7,6.9,1,6,16.7
TOR,1,1,43.2,19,35,54.300000000000004,57.099999999999994,39.5,17,32,53.1,3.6999999999999997,2,3,66.7
DEN,1,1,40.2,17,35,48.6,50.0,35.6,16,31,51.6,4.6,1,4,25.0
MIN,1,1,34.5,16,30,53.300000000000004,55.00000000000001,32.2,15,28,53.6,2.3,1,2,50.0
ATL,1,1,37.5,15,30,50.0,51.7,36.3,14,29,48.3,1.3,1,1,100.0
CLE,1,1,39.4,16,28,57.099999999999994,57.099999999999994,38.0,16,27,59.3,1.4000000000000001,0,1,0.0
