TEAM,GP,G,Freq%,FGM,FGA,FG%,eFG%,2FG Freq%,2FGM,2FGA,2FG%,3FG Freq%,3PM,3PA,3P%
OKC,63,63,13.100000000000001,340,739,46.0,46.1,12.9,338,728,46.400000000000006,0.2,2,11,18.2
DET,62,62,12.7,350,701,49.9,50.3,12.5,345,686,50.3,0.3,5,15,33.300000000000004
UTA,63,63,11.799999999999999,305,680,44.9,45.2,11.5,300,667,45.0,0.2,5,13,38.5
HOU,63,63,12.2,323,674,47.9,48.3,11.899999999999999,318,661,48.1,0.2,5,13,38.5
WAS,63,63,11.3,341,664,51.4,51.6,11.200000000000001,338,658,51.4,0.1,3,6,50.0
IND,64,64,11.600000000000001,313,664,47.099999999999994,47.3,11.5,311,656,47.4,0.1,2,8,25.0
SAS,63,63,11.4,327,662,49.4,49.6,11.200000000000001,324,650,49.8,0.2,3,12,25.0
CLE,63,63,11.799999999999999,314,657,47.8,47.9,11.600000000000001,312,644,48.4,0.2,2,13,15.4
TOR,63,62,11.4,324,656,49.4,49.5,11.200000000000001,323,644,50.2,0.2,1,12,8.3
MEM,64,64,11.600000000000001,290,643,45.1,45.300000000000004,11.4,288,635,45.4,0.1,2,8,25.0
MIL,64,64,10.7,280,635,44.1,44.3,10.6,278,625,44.5,0.2,2,10,20.0
BOS,62,62,11.0,257,632,40.699999999999996,40.8,10.8,255,617,41.3,0.3,2,15,13.3
GSW,62,61,11.1,283,615,46.0,46.2,11.0,281,607,46.300000000000004,0.1,2,8,25.0
DAL,63,63,10.8,305,614,49.7,50.1,10.5,300,600,50.0,0.2,5,14,35.699999999999996
NYK,63,63,11.3,294,608,48.4,48.4,11.200000000000001,293,600,48.8,0.1,1,8,12.5
PHI,63,63,11.1,264,608,43.4,43.5,10.9,263,597,44.1,0.2,1,11,9.1
PHX,62,63,10.6,269,601,44.800000000000004,45.300000000000004,10.4,263,586,44.9,0.3,6,15,40.0
CHA,63,63,10.7,304,590,51.5,52.2,10.5,296,579,51.1,0.2,8,11,72.7
SAC,62,62,10.8,297,584,50.9,50.9,10.6,296,575,51.5,0.2,1,9,11.1
MIA,62,62,10.9,289,582,49.7,49.9,10.7,286,572,50.0,0.2,3,10,30.0
LAL,64,63,9.9,266,579,45.9,46.300000000000004,9.6,262,564,46.5,0.3,4,15,26.700000000000003
BKN,62,62,10.6,265,577,45.9,46.0,10.5,264,571,46.2,0.1,1,6,16.7
DEN,62,62,10.6,261,575,45.4,45.6,10.4,259,565,45.800000000000004,0.2,2,10,20.0
ORL,64,64,10.6,263,571,46.1,46.1,10.4,262,563,46.5,0.1,1,8,12.5
LAC,61,61,10.5,250,566,44.2,44.4,10.299999999999999,247,555,44.5,0.2,3,11,27.3
MIN,64,63,10.0,246,558,44.1,44.4,9.700000000000001,242,545,44.4,0.2,4,13,30.8
ATL,63,63,9.6,284,551,51.5,51.7,9.5,282,545,51.7,0.1,2,6,33.300000000000004
POR,62,62,10.2,295,546,54.0,54.300000000000004,10.0,292,537,54.400000000000006,0.2,3,9,33.300000000000004
NOP,62,62,9.5,249,518,48.1,48.199999999999996,9.4,248,513,48.3,0.1,1,5,20.0
CHI,63,63,9.5,232,517,44.9,45.0,9.3,231,504,45.800000000000004,0.2,1,13,7.7
