TEAM,GP,G,Freq%,FGM,FGA,FG%,eFG%,2FG Freq%,2FGM,2FGA,2FG%,3FG Freq%,3PM,3PA,3P%
OKC,65,65,12.9,349,752,46.400000000000006,46.5,12.7,347,741,46.800000000000004,0.2,2,11,18.2
DET,63,63,12.6,353,706,50.0,50.4,12.3,347,690,50.3,0.3,6,16,37.5
UTA,64,64,11.700000000000001,308,684,45.0,45.4,11.4,303,671,45.2,0.2,5,13,38.5
HOU,65,65,11.899999999999999,328,680,48.199999999999996,48.6,11.700000000000001,323,667,48.4,0.2,5,13,38.5
WAS,65,65,11.200000000000001,348,679,51.300000000000004,51.5,11.1,345,673,51.300000000000004,0.1,3,6,50.0
IND,66,66,11.4,317,676,46.9,47.0,11.3,315,668,47.199999999999996,0.1,2,8,25.0
SAS,65,65,11.200000000000001,330,670,49.3,49.5,11.0,327,658,49.7,0.2,3,12,25.0
CLE,65,65,11.600000000000001,319,665,48.0,48.1,11.4,317,652,48.6,0.2,2,13,15.4
TOR,64,63,11.3,325,659,49.3,49.4,11.1,324,647,50.1,0.2,1,12,8.3
MEM,66,66,11.4,293,653,44.9,45.0,11.3,291,645,45.1,0.1,2,8,25.0
MIL,66,66,10.6,287,649,44.2,44.4,10.5,285,639,44.6,0.2,2,10,20.0
BOS,64,64,10.9,260,642,40.5,40.699999999999996,10.6,258,626,41.199999999999996,0.3,2,16,12.5
GSW,63,62,11.1,286,625,45.800000000000004,45.9,11.0,284,617,46.0,0.1,2,8,25.0
DAL,64,64,10.7,309,621,49.8,50.2,10.5,304,606,50.2,0.3,5,15,33.300000000000004
NYK,65,65,11.200000000000001,298,620,48.1,48.1,11.0,297,612,48.5,0.1,1,8,12.5
PHI,65,65,11.0,269,617,43.6,43.8,10.8,267,605,44.1,0.2,2,12,16.7
PHX,63,64,10.6,270,605,44.6,45.1,10.299999999999999,264,590,44.7,0.3,6,15,40.0
SAC,64,64,10.7,305,597,51.1,51.2,10.5,304,588,51.7,0.2,1,9,11.1
CHA,64,64,10.6,306,593,51.6,52.300000000000004,10.4,298,582,51.2,0.2,8,11,72.7
LAL,65,64,9.9,269,589,45.7,46.0,9.6,265,574,46.2,0.3,4,15,26.700000000000003
LAC,63,63,10.6,261,587,44.5,44.9,10.299999999999999,256,573,44.7,0.3,5,14,35.699999999999996
MIA,63,63,10.8,289,585,49.4,49.7,10.6,286,575,49.7,0.2,3,10,30.0
DEN,63,63,10.5,264,581,45.4,45.6,10.299999999999999,262,571,45.9,0.2,2,10,20.0
BKN,63,63,10.5,267,580,46.0,46.1,10.4,266,574,46.300000000000004,0.1,1,6,16.7
ORL,65,65,10.5,265,576,46.0,46.1,10.4,264,568,46.5,0.1,1,8,12.5
MIN,66,65,9.9,251,570,44.0,44.4,9.700000000000001,247,557,44.3,0.2,4,13,30.8
ATL,64,64,9.700000000000001,289,559,51.7,51.9,9.5,287,553,51.9,0.1,2,6,33.300000000000004
POR,63,63,10.100000000000001,297,553,53.7,54.0,10.0,294,544,54.0,0.2,3,9,33.300000000000004
NOP,63,63,9.4,250,523,47.8,47.9,9.3,249,518,48.1,0.1,1,5,20.0
CHI,64,64,9.4,233,522,44.6,44.7,9.2,232,509,45.6,0.2,1,13,7.7
