TEAM,GP,G,Freq%,FGM,FGA,FG%,eFG%,2FG Freq%,2FGM,2FGA,2FG%,3FG Freq%,3PM,3PA,3P%
OKC,81,81,12.0,403,865,46.6,46.800000000000004,11.799999999999999,400,849,47.099999999999994,0.2,3,16,18.8
DET,80,80,11.4,403,810,49.8,50.1,11.1,397,791,50.2,0.3,6,19,31.6
HOU,81,81,11.1,377,786,48.0,48.3,10.9,372,772,48.199999999999996,0.2,5,14,35.699999999999996
IND,81,81,10.8,364,786,46.300000000000004,46.5,10.7,361,777,46.5,0.1,3,9,33.300000000000004
UTA,80,80,10.7,359,785,45.7,46.2,10.5,351,767,45.800000000000004,0.2,8,18,44.4
WAS,81,81,10.4,396,782,50.6,50.8,10.299999999999999,393,775,50.7,0.1,3,7,42.9
SAS,80,80,10.299999999999999,373,763,48.9,49.1,10.2,370,750,49.3,0.2,3,13,23.1
PHI,81,81,10.7,325,747,43.5,43.6,10.5,323,735,43.9,0.2,2,12,16.7
CLE,81,81,10.5,359,743,48.3,48.5,10.299999999999999,356,727,49.0,0.2,3,16,18.8
TOR,80,79,10.2,363,742,48.9,49.0,10.0,362,730,49.6,0.2,1,12,8.3
MEM,81,81,10.6,328,742,44.2,44.4,10.4,325,730,44.5,0.2,3,12,25.0
BOS,80,80,10.100000000000001,299,741,40.400000000000006,40.6,9.9,295,721,40.9,0.3,4,20,20.0
DAL,80,80,10.2,347,738,47.0,47.5,10.0,340,718,47.4,0.3,7,20,35.0
NYK,81,81,10.6,353,729,48.4,48.5,10.5,352,720,48.9,0.1,1,9,11.1
MIL,81,81,9.8,321,727,44.2,44.4,9.6,318,714,44.5,0.2,3,13,23.1
GSW,80,79,10.2,326,726,44.9,45.1,10.0,323,717,45.0,0.1,3,9,33.300000000000004
PHX,79,80,9.8,304,702,43.3,43.7,9.6,298,686,43.4,0.2,6,16,37.5
SAC,81,81,9.9,348,694,50.1,50.2,9.8,347,685,50.7,0.1,1,9,11.1
LAC,80,80,9.9,312,694,45.0,45.300000000000004,9.6,307,676,45.4,0.3,5,18,27.800000000000004
BKN,79,79,9.8,325,686,47.4,47.599999999999994,9.700000000000001,322,677,47.599999999999994,0.1,3,9,33.300000000000004
DEN,79,79,9.9,310,683,45.4,45.5,9.700000000000001,308,672,45.800000000000004,0.2,2,11,18.2
CHA,80,80,9.6,354,673,52.6,53.300000000000004,9.4,344,658,52.300000000000004,0.2,10,15,66.7
ATL,81,81,9.2,344,670,51.300000000000004,51.6,9.1,341,662,51.5,0.1,3,8,37.5
LAL,80,79,9.0,302,669,45.1,45.5,8.799999999999999,297,648,45.800000000000004,0.3,5,21,23.799999999999997
ORL,81,81,9.8,300,666,45.0,45.1,9.700000000000001,299,658,45.4,0.1,1,8,12.5
POR,80,80,9.6,346,664,52.1,52.400000000000006,9.4,342,649,52.7,0.2,4,15,26.700000000000003
MIA,80,79,9.6,332,657,50.5,50.8,9.4,329,647,50.9,0.1,3,10,30.0
MIN,81,80,9.2,280,644,43.5,43.9,9.0,275,629,43.7,0.2,5,15,33.300000000000004
CHI,80,80,8.9,281,614,45.800000000000004,45.800000000000004,8.7,280,599,46.7,0.2,1,15,6.7
NOP,80,79,8.5,288,592,48.6,48.699999999999996,8.4,287,586,49.0,0.1,1,6,16.7
