TEAM,GP,G,Freq%,FGM,FGA,FG%,eFG%,2FG Freq%,2FGM,2FGA,2FG%,3FG Freq%,3PM,3PA,3P%
OKC,77,77,12.1,387,833,46.5,46.6,11.899999999999999,385,820,47.0,0.2,2,13,15.4
DET,76,76,11.600000000000001,392,786,49.9,50.3,11.4,386,768,50.3,0.3,6,18,33.300000000000004
IND,78,78,11.0,357,770,46.400000000000006,46.5,10.9,355,762,46.6,0.1,2,8,25.0
UTA,76,76,10.9,344,760,45.300000000000004,45.7,10.7,337,743,45.4,0.2,7,17,41.199999999999996
WAS,78,78,10.4,385,756,50.9,51.1,10.4,382,749,51.0,0.1,3,7,42.9
HOU,77,77,11.200000000000001,366,752,48.699999999999996,49.0,11.0,361,738,48.9,0.2,5,14,35.699999999999996
SAS,76,76,10.6,360,736,48.9,49.1,10.4,357,723,49.4,0.2,3,13,23.1
TOR,76,75,10.5,353,724,48.8,48.8,10.299999999999999,352,712,49.4,0.2,1,12,8.3
MEM,77,77,10.8,320,724,44.2,44.4,10.7,317,713,44.5,0.2,3,11,27.3
CLE,77,77,10.7,349,722,48.3,48.5,10.5,346,707,48.9,0.2,3,15,20.0
BOS,76,76,10.299999999999999,291,718,40.5,40.699999999999996,10.0,288,699,41.199999999999996,0.3,3,19,15.8
PHI,77,77,10.8,314,716,43.9,44.0,10.6,312,704,44.3,0.2,2,12,16.7
DAL,76,76,10.4,340,715,47.599999999999994,48.0,10.2,333,695,47.9,0.3,7,20,35.0
MIL,77,77,10.0,314,707,44.4,44.6,9.8,311,694,44.800000000000004,0.2,3,13,23.1
GSW,76,75,10.299999999999999,318,700,45.4,45.6,10.2,315,691,45.6,0.1,3,9,33.300000000000004
NYK,77,77,10.7,335,699,47.9,48.0,10.5,334,690,48.4,0.1,1,9,11.1
PHX,75,76,9.9,296,676,43.8,44.2,9.700000000000001,290,660,43.9,0.2,6,16,37.5
LAC,76,76,10.0,301,670,44.9,45.300000000000004,9.8,296,654,45.300000000000004,0.2,5,16,31.3
SAC,77,77,10.0,328,666,49.2,49.3,9.9,327,657,49.8,0.1,1,9,11.1
BKN,75,75,10.0,314,660,47.599999999999994,47.8,9.8,311,651,47.8,0.1,3,9,33.300000000000004
DEN,75,75,10.0,301,658,45.7,45.9,9.8,299,647,46.2,0.2,2,11,18.2
ATL,77,77,9.4,335,653,51.300000000000004,51.5,9.3,332,645,51.5,0.1,3,8,37.5
LAL,76,75,9.3,298,652,45.7,46.0,9.0,294,634,46.400000000000006,0.3,4,18,22.2
CHA,76,76,9.8,342,651,52.5,53.300000000000004,9.6,332,638,52.0,0.2,10,13,76.9
ORL,77,77,10.0,294,646,45.5,45.6,9.9,293,638,45.9,0.1,1,8,12.5
POR,76,76,9.8,338,642,52.6,52.900000000000006,9.5,335,628,53.300000000000004,0.2,3,14,21.4
MIA,76,75,9.700000000000001,314,630,49.8,50.1,9.5,311,620,50.2,0.2,3,10,30.0
MIN,77,76,9.3,271,621,43.6,44.0,9.1,267,607,44.0,0.2,4,14,28.599999999999998
CHI,76,76,8.9,265,585,45.300000000000004,45.4,8.7,264,570,46.300000000000004,0.2,1,15,6.7
NOP,76,75,8.7,279,576,48.4,48.5,8.6,278,570,48.8,0.1,1,6,16.7
