TEAM,GP,G,Freq%,FGM,FGA,FG%,eFG%,2FG Freq%,2FGM,2FGA,2FG%,3FG Freq%,3PM,3PA,3P%
DAL,42,42,8.0,144,315,45.7,46.5,7.7,139,303,45.9,0.3,5,12,41.699999999999996
GSW,43,43,7.9,144,302,47.699999999999996,47.8,7.7,143,296,48.3,0.2,1,6,16.7
OKC,43,43,8.0,123,300,41.0,41.0,7.9,123,297,41.4,0.1,0,3,0.0
CHA,43,43,7.5,155,290,53.400000000000006,54.0,7.3,152,284,53.5,0.2,3,6,50.0
POR,44,43,7.1,130,279,46.6,46.800000000000004,6.800000000000001,129,268,48.1,0.3,1,11,9.1
PHI,40,40,7.7,103,277,37.2,37.2,7.6,103,276,37.3,0.0,0,1,0.0
IND,43,43,7.199999999999999,132,273,48.4,48.5,7.000000000000001,131,268,48.9,0.1,1,5,20.0
CHI,42,42,7.000000000000001,122,272,44.9,45.0,6.9,121,269,45.0,0.1,1,3,33.300000000000004
HOU,40,40,7.8,126,271,46.5,46.7,7.6,125,265,47.199999999999996,0.2,1,6,16.7
ORL,42,42,7.1,115,263,43.7,44.1,6.9,113,256,44.1,0.2,2,7,28.599999999999998
WAS,41,41,6.7,109,257,42.4,43.6,6.5,103,250,41.199999999999996,0.2,6,7,85.7
DEN,43,43,6.5,115,256,44.9,45.1,6.4,114,252,45.2,0.1,1,4,25.0
SAC,43,43,6.6000000000000005,136,253,53.800000000000004,54.0,6.5,135,252,53.6,0.0,1,1,100.0
TOR,44,44,6.7,114,253,45.1,45.800000000000004,6.5,110,245,44.9,0.2,4,8,50.0
BOS,41,41,7.1,101,251,40.2,40.400000000000006,6.9,100,245,40.8,0.2,1,6,16.7
ATL,44,44,6.2,123,248,49.6,49.6,6.2,123,246,50.0,0.1,0,2,0.0
NOP,45,45,6.0,116,248,46.800000000000004,46.800000000000004,6.0,116,246,47.199999999999996,0.0,0,2,0.0
CLE,42,42,6.4,108,239,45.2,45.2,6.3,108,235,46.0,0.1,0,4,0.0
SAS,42,42,6.3,111,238,46.6,47.5,6.2,107,232,46.1,0.2,4,6,66.7
PHX,42,42,6.6000000000000005,92,236,39.0,39.4,6.3,90,226,39.800000000000004,0.3,2,10,20.0
MIL,40,40,6.7,106,235,45.1,45.1,6.6000000000000005,106,230,46.1,0.1,0,5,0.0
LAC,41,41,6.3,99,227,43.6,44.1,6.0,97,217,44.7,0.3,2,10,20.0
NYK,42,42,6.1,118,223,52.900000000000006,53.6,5.8999999999999995,115,216,53.2,0.2,3,7,42.9
UTA,41,40,5.8999999999999995,111,223,49.8,49.8,5.8999999999999995,111,223,49.8,0.0,0,0,
DET,39,37,6.6000000000000005,84,219,38.4,38.4,6.4,84,213,39.4,0.2,0,6,0.0
BKN,40,40,6.3,104,218,47.699999999999996,47.699999999999996,6.3,104,217,47.9,0.0,0,1,0.0
MEM,41,40,5.800000000000001,104,217,47.9,48.6,5.6000000000000005,101,208,48.6,0.2,3,9,33.300000000000004
MIA,40,40,5.7,110,213,51.6,51.9,5.6000000000000005,109,208,52.400000000000006,0.1,1,5,20.0
MIN,42,41,5.5,99,208,47.599999999999994,47.8,5.4,98,205,47.8,0.1,1,3,33.300000000000004
LAL,41,40,5.0,83,180,46.1,46.400000000000006,5.0,82,177,46.300000000000004,0.1,1,3,33.300000000000004
