TEAM,GP,G,Freq%,FGM,FGA,FG%,eFG%,2FG Freq%,2FGM,2FGA,2FG%,3FG Freq%,3PM,3PA,3P%
DAL,36,36,8.1,118,276,42.8,43.5,7.8,114,265,43.0,0.3,4,11,36.4
GSW,36,36,8.3,126,266,47.4,47.599999999999994,8.1,125,260,48.1,0.2,1,6,16.7
POR,36,36,7.8,116,250,46.400000000000006,46.400000000000006,7.3999999999999995,116,240,48.3,0.3,0,10,0.0
CHA,35,35,7.8,134,245,54.7,55.1,7.6,132,240,55.00000000000001,0.2,2,5,40.0
CHI,35,35,7.1,113,234,48.3,48.5,7.1,112,231,48.5,0.1,1,3,33.300000000000004
OKC,35,35,7.5,90,227,39.6,39.6,7.3999999999999995,90,224,40.2,0.1,0,3,0.0
IND,35,35,7.199999999999999,111,225,49.3,49.6,7.1,110,220,50.0,0.2,1,5,20.0
HOU,32,32,7.9,106,222,47.699999999999996,48.0,7.7,105,217,48.4,0.2,1,5,20.0
ORL,35,35,7.199999999999999,93,222,41.9,42.1,7.000000000000001,92,217,42.4,0.2,1,5,20.0
PHI,33,33,7.3,79,219,36.1,36.1,7.3,79,219,36.1,0.0,0,0,
ATL,37,37,6.3,104,211,49.3,49.3,6.2,104,210,49.5,0.0,0,1,0.0
CLE,36,36,6.5,97,210,46.2,46.2,6.4,97,206,47.099999999999994,0.1,0,4,0.0
WAS,33,33,6.7,90,209,43.1,44.3,6.5,85,203,41.9,0.2,5,6,83.3
SAC,35,35,6.5,113,203,55.7,55.7,6.5,113,203,55.7,0.0,0,0,
SAS,35,35,6.5,100,203,49.3,49.8,6.4,98,200,49.0,0.1,2,3,66.7
NOP,36,36,6.1,96,202,47.5,47.5,6.1,96,201,47.8,0.0,0,1,0.0
BOS,33,33,7.1,77,201,38.3,38.3,6.9,77,197,39.1,0.1,0,4,0.0
MIL,34,34,6.7,94,200,47.0,47.0,6.6000000000000005,94,196,48.0,0.1,0,4,0.0
TOR,36,36,6.3,85,195,43.6,44.4,6.1,82,188,43.6,0.2,3,7,42.9
PHX,34,34,6.7,77,195,39.5,39.7,6.5,76,189,40.2,0.2,1,6,16.7
DEN,34,34,6.1,80,189,42.3,42.6,6.0,79,185,42.699999999999996,0.1,1,4,25.0
NYK,35,35,6.1,102,188,54.300000000000004,54.800000000000004,6.0,100,183,54.6,0.2,2,5,40.0
UTA,34,33,5.8999999999999995,87,183,47.5,47.5,5.8999999999999995,87,183,47.5,0.0,0,0,
MEM,34,33,5.8999999999999995,91,181,50.3,51.1,5.6000000000000005,88,172,51.2,0.3,3,9,33.300000000000004
MIN,35,35,5.7,86,181,47.5,47.8,5.6000000000000005,85,178,47.8,0.1,1,3,33.300000000000004
DET,33,31,6.4,73,181,40.300000000000004,40.300000000000004,6.2,73,177,41.199999999999996,0.1,0,4,0.0
LAC,33,33,6.0,77,173,44.5,44.800000000000004,5.800000000000001,76,168,45.2,0.2,1,5,20.0
BKN,32,32,6.2,90,171,52.6,52.6,6.2,90,170,52.900000000000006,0.0,0,1,0.0
MIA,33,33,5.5,89,170,52.400000000000006,52.6,5.4,88,165,53.300000000000004,0.2,1,5,20.0
LAL,32,31,5.2,68,143,47.599999999999994,47.9,5.1,67,141,47.5,0.1,1,2,50.0
