TEAM,GP,G,Freq%,FGM,FGA,FG%,eFG%,2FG Freq%,2FGM,2FGA,2FG%,3FG Freq%,3PM,3PA,3P%
DAL,45,45,8.0,149,337,44.2,45.0,7.7,144,324,44.4,0.3,5,13,38.5
OKC,47,47,8.1,138,337,40.9,40.9,8.1,138,334,41.3,0.1,0,3,0.0
GSW,48,48,7.6,157,325,48.3,48.5,7.5,156,319,48.9,0.1,1,6,16.7
PHI,46,46,7.7,121,319,37.9,38.1,7.6,120,316,38.0,0.1,1,3,33.300000000000004
CHA,47,47,7.3999999999999995,163,310,52.6,53.1,7.199999999999999,160,304,52.6,0.1,3,6,50.0
POR,48,47,7.000000000000001,144,304,47.4,47.5,6.800000000000001,143,292,49.0,0.3,1,12,8.3
CHI,46,46,7.1,136,302,45.0,45.2,7.000000000000001,135,298,45.300000000000004,0.1,1,4,25.0
HOU,44,44,7.8,140,301,46.5,46.7,7.6,139,295,47.099999999999994,0.2,1,6,16.7
IND,47,47,7.199999999999999,143,300,47.699999999999996,47.8,7.1,142,295,48.1,0.1,1,5,20.0
WAS,45,45,6.9,123,289,42.6,43.6,6.7,117,281,41.6,0.2,6,8,75.0
SAC,48,48,6.6000000000000005,150,287,52.300000000000004,52.400000000000006,6.6000000000000005,149,286,52.1,0.0,1,1,100.0
BOS,46,46,7.000000000000001,113,278,40.6,41.0,6.800000000000001,111,270,41.099999999999994,0.2,2,8,25.0
ATL,48,48,6.3,131,275,47.599999999999994,47.599999999999994,6.3,131,272,48.199999999999996,0.1,0,3,0.0
ORL,45,45,6.9,119,272,43.8,44.1,6.7,117,265,44.2,0.2,2,7,28.599999999999998
CLE,47,47,6.4,115,268,42.9,42.9,6.2,115,263,43.7,0.1,0,5,0.0
DEN,46,46,6.4,120,267,44.9,45.1,6.3,119,263,45.2,0.1,1,4,25.0
NOP,48,48,6.0,122,265,46.0,46.0,6.0,122,263,46.400000000000006,0.0,0,2,0.0
TOR,47,47,6.5,121,264,45.800000000000004,46.6,6.3,117,256,45.7,0.2,4,8,50.0
MIL,44,44,6.800000000000001,119,263,45.2,45.2,6.7,119,258,46.1,0.1,0,5,0.0
SAS,45,45,6.4,120,258,46.5,47.3,6.2,116,252,46.0,0.1,4,6,66.7
DET,43,41,6.9,102,251,40.6,40.8,6.7,101,243,41.6,0.2,1,8,12.5
LAC,44,44,6.4,109,249,43.8,44.2,6.2,107,239,44.800000000000004,0.3,2,10,20.0
PHX,45,44,6.4,96,247,38.9,39.300000000000004,6.1,94,236,39.800000000000004,0.3,2,11,18.2
UTA,45,44,5.8999999999999995,119,244,48.8,48.8,5.8999999999999995,119,244,48.8,0.0,0,0,
NYK,46,46,6.0,127,239,53.1,53.800000000000004,5.800000000000001,124,232,53.400000000000006,0.2,3,7,42.9
MEM,44,43,6.0,114,239,47.699999999999996,48.3,5.7,111,230,48.3,0.2,3,9,33.300000000000004
MIA,44,44,5.7,124,234,53.0,53.2,5.6000000000000005,123,229,53.7,0.1,1,5,20.0
MIN,46,45,5.6000000000000005,112,234,47.9,48.1,5.6000000000000005,111,231,48.1,0.1,1,3,33.300000000000004
BKN,43,42,6.1,109,228,47.8,47.8,6.1,109,227,48.0,0.0,0,1,0.0
LAL,45,44,5.2,93,202,46.0,46.300000000000004,5.1,92,199,46.2,0.1,1,3,33.300000000000004
