TEAM,GP,G,Freq%,FGM,FGA,FG%,eFG%,2FG Freq%,2FGM,2FGA,2FG%,3FG Freq%,3PM,3PA,3P%
DAL,17,17,8.799999999999999,63,140,45.0,45.4,8.5,62,136,45.6,0.3,1,4,25.0
GSW,18,18,8.1,57,128,44.5,44.5,8.0,57,126,45.2,0.1,0,2,0.0
CHI,15,15,8.5,59,121,48.8,49.2,8.3,58,119,48.699999999999996,0.1,1,2,50.0
CLE,17,17,7.8,50,117,42.699999999999996,42.699999999999996,7.7,50,115,43.5,0.1,0,2,0.0
POR,16,16,8.200000000000001,52,116,44.800000000000004,44.800000000000004,7.7,52,109,47.699999999999996,0.5,0,7,0.0
BOS,16,16,8.7,52,116,44.800000000000004,44.800000000000004,8.4,52,113,46.0,0.2,0,3,0.0
ORL,16,16,8.0,45,113,39.800000000000004,39.800000000000004,7.8,45,111,40.5,0.1,0,2,0.0
CHA,15,15,8.1,61,108,56.49999999999999,57.4,7.8,59,105,56.2,0.2,2,3,66.7
IND,16,16,7.5,57,108,52.800000000000004,53.2,7.199999999999999,56,104,53.800000000000004,0.3,1,4,25.0
OKC,17,17,7.3,43,108,39.800000000000004,39.800000000000004,7.199999999999999,43,106,40.6,0.1,0,2,0.0
PHI,15,15,7.7,33,105,31.4,31.4,7.7,33,105,31.4,0.0,0,0,
MIL,16,16,7.3,49,104,47.099999999999994,47.099999999999994,7.000000000000001,49,100,49.0,0.3,0,4,0.0
ATL,16,16,6.9,43,99,43.4,43.4,6.9,43,99,43.4,0.0,0,0,
PHX,16,16,6.9,37,96,38.5,38.5,6.7,37,93,39.800000000000004,0.2,0,3,0.0
MIA,16,16,6.1,53,95,55.800000000000004,55.800000000000004,6.0,53,93,56.99999999999999,0.1,0,2,0.0
TOR,16,16,6.800000000000001,43,94,45.7,46.300000000000004,6.6000000000000005,42,92,45.7,0.1,1,2,50.0
DET,15,15,7.199999999999999,40,93,43.0,43.0,7.000000000000001,40,91,44.0,0.2,0,2,0.0
SAS,15,15,7.000000000000001,42,92,45.7,46.7,6.7,40,89,44.9,0.2,2,3,66.7
HOU,14,14,7.3,46,91,50.5,50.5,7.3,46,90,51.1,0.1,0,1,0.0
UTA,15,15,6.6000000000000005,47,90,52.2,52.2,6.6000000000000005,47,90,52.2,0.0,0,0,
WAS,15,15,6.2,36,88,40.9,42.0,6.0,34,85,40.0,0.2,2,3,66.7
BKN,15,15,6.4,45,83,54.2,54.2,6.4,45,83,54.2,0.0,0,0,
MEM,16,15,5.7,45,82,54.900000000000006,56.10000000000001,5.4,43,77,55.800000000000004,0.3,2,5,40.0
SAC,16,16,5.4,46,77,59.699999999999996,59.699999999999996,5.4,46,77,59.699999999999996,0.0,0,0,
NOP,16,16,5.5,45,76,59.199999999999996,59.199999999999996,5.4,45,75,60.0,0.1,0,1,0.0
MIN,16,16,5.4,37,76,48.699999999999996,49.3,5.2,36,74,48.6,0.1,1,2,50.0
DEN,15,15,5.6000000000000005,30,76,39.5,39.5,5.5,30,75,40.0,0.1,0,1,0.0
NYK,14,14,5.8999999999999995,37,71,52.1,52.800000000000004,5.800000000000001,36,70,51.4,0.1,1,1,100.0
LAL,15,15,5.5,35,71,49.3,50.0,5.4,34,70,48.6,0.1,1,1,100.0
LAC,15,15,5.3,26,71,36.6,36.6,5.3,26,70,37.1,0.1,0,1,0.0
