TEAM,GP,G,Freq%,FGM,FGA,FG%,eFG%,2FG Freq%,2FGM,2FGA,2FG%,3FG Freq%,3PM,3PA,3P%
ORL,6,6,10.0,22,53,41.5,41.5,9.8,22,52,42.3,0.2,0,1,0.0
ATL,6,6,8.1,23,44,52.300000000000004,52.300000000000004,8.1,23,44,52.300000000000004,0.0,0,0,
OKC,6,6,8.1,19,44,43.2,43.2,8.1,19,44,43.2,0.0,0,0,
TOR,6,6,8.6,19,44,43.2,43.2,8.4,19,43,44.2,0.2,0,1,0.0
POR,6,6,8.9,17,44,38.6,38.6,7.9,17,39,43.6,1.0,0,5,0.0
BOS,6,6,8.4,22,43,51.2,51.2,8.4,22,43,51.2,0.0,0,0,
GSW,6,6,7.199999999999999,24,38,63.2,63.2,7.000000000000001,24,37,64.9,0.2,0,1,0.0
DAL,5,5,8.0,21,38,55.300000000000004,55.300000000000004,8.0,21,38,55.300000000000004,0.0,0,0,
LAL,6,6,6.800000000000001,18,37,48.6,48.6,6.800000000000001,18,37,48.6,0.0,0,0,
PHX,6,6,6.9,9,37,24.3,24.3,6.5,9,35,25.7,0.4,0,2,0.0
DET,5,5,8.3,10,36,27.800000000000004,27.800000000000004,8.1,10,35,28.599999999999998,0.2,0,1,0.0
CHA,5,5,7.6,20,34,58.8,58.8,7.6,20,34,58.8,0.0,0,0,
CHI,5,5,7.000000000000001,16,32,50.0,50.0,7.000000000000001,16,32,50.0,0.0,0,0,
MEM,6,5,6.0,16,32,50.0,50.0,5.800000000000001,16,31,51.6,0.2,0,1,0.0
MIL,5,5,7.199999999999999,9,32,28.1,28.1,6.5,9,29,31.0,0.7000000000000001,0,3,0.0
IND,5,5,6.9,19,31,61.3,61.3,6.9,19,31,61.3,0.0,0,0,
CLE,6,6,5.8999999999999995,15,31,48.4,48.4,5.8999999999999995,15,31,48.4,0.0,0,0,
NOP,5,5,6.6000000000000005,18,30,60.0,60.0,6.6000000000000005,18,30,60.0,0.0,0,0,
UTA,5,5,6.3,15,29,51.7,51.7,6.3,15,29,51.7,0.0,0,0,
MIN,5,5,6.3,15,27,55.60000000000001,55.60000000000001,6.1,15,26,57.699999999999996,0.2,0,1,0.0
SAS,5,5,6.2,8,27,29.599999999999998,31.5,5.7,7,25,28.000000000000004,0.5,1,2,50.0
PHI,5,5,5.7,7,27,25.900000000000002,25.900000000000002,5.7,7,27,25.900000000000002,0.0,0,0,
WAS,5,5,5.5,13,26,50.0,51.9,5.3,12,25,48.0,0.2,1,1,100.0
BKN,5,5,6.1,13,26,50.0,50.0,6.1,13,26,50.0,0.0,0,0,
LAC,5,5,5.7,9,25,36.0,36.0,5.7,9,25,36.0,0.0,0,0,
NYK,5,5,5.3,15,22,68.2,70.5,5.1,14,21,66.7,0.2,1,1,100.0
MIA,5,5,4.8,9,22,40.9,40.9,4.6,9,21,42.9,0.2,0,1,0.0
DEN,5,5,4.7,9,21,42.9,42.9,4.7,9,21,42.9,0.0,0,0,
SAC,5,5,4.3,9,19,47.4,47.4,4.3,9,19,47.4,0.0,0,0,
HOU,4,4,4.1000000000000005,7,15,46.7,46.7,4.1000000000000005,7,15,46.7,0.0,0,0,
