TEAM,GP,G,Freq%,FGM,FGA,FG%,eFG%,2FG Freq%,2FGM,2FGA,2FG%,3FG Freq%,3PM,3PA,3P%
DAL,23,23,9.0,86,192,44.800000000000004,45.6,8.7,83,185,44.9,0.3,3,7,42.9
CHA,22,22,8.200000000000001,93,163,57.099999999999994,57.699999999999996,8.0,91,158,57.599999999999994,0.3,2,5,40.0
GSW,22,22,8.3,75,162,46.300000000000004,46.300000000000004,8.1,75,158,47.5,0.2,0,4,0.0
CHI,21,21,7.7,76,153,49.7,50.0,7.6,75,151,49.7,0.1,1,2,50.0
POR,22,22,7.8,67,152,44.1,44.1,7.3999999999999995,67,144,46.5,0.4,0,8,0.0
PHI,20,20,8.0,49,147,33.300000000000004,33.300000000000004,8.0,49,147,33.300000000000004,0.0,0,0,
CLE,23,23,7.199999999999999,66,146,45.2,45.2,7.1,66,143,46.2,0.1,0,3,0.0
OKC,22,22,7.6,57,146,39.0,39.0,7.5,57,144,39.6,0.1,0,2,0.0
IND,22,22,7.3999999999999995,75,145,51.7,52.1,7.1,74,140,52.900000000000006,0.3,1,5,20.0
ORL,22,22,7.5,61,144,42.4,42.699999999999996,7.3,60,141,42.6,0.2,1,3,33.300000000000004
BOS,21,21,8.0,59,144,41.0,41.0,7.9,59,141,41.8,0.2,0,3,0.0
SAS,21,21,7.199999999999999,63,134,47.0,47.8,7.000000000000001,61,131,46.6,0.2,2,3,66.7
MIL,22,22,6.9,63,134,47.0,47.0,6.7,63,130,48.5,0.2,0,4,0.0
ATL,23,23,6.3,60,130,46.2,46.2,6.3,60,129,46.5,0.0,0,1,0.0
MEM,22,21,6.2,66,124,53.2,54.400000000000006,5.800000000000001,63,115,54.800000000000004,0.5,3,9,33.300000000000004
SAC,22,22,6.2,73,123,59.3,59.3,6.2,73,123,59.3,0.0,0,0,
DEN,21,21,6.5,51,123,41.5,41.9,6.3,50,120,41.699999999999996,0.2,1,3,33.300000000000004
PHX,22,22,6.5,45,123,36.6,36.6,6.3,45,119,37.8,0.2,0,4,0.0
DET,21,20,6.7,51,121,42.1,42.1,6.6000000000000005,51,119,42.9,0.1,0,2,0.0
WAS,20,20,6.4,50,121,41.3,42.6,6.2,47,117,40.2,0.2,3,4,75.0
BKN,21,21,6.6000000000000005,65,119,54.6,54.6,6.5,65,118,55.1,0.1,0,1,0.0
HOU,19,19,7.1,59,119,49.6,49.6,7.000000000000001,59,117,50.4,0.1,0,2,0.0
TOR,22,22,6.3,54,119,45.4,45.800000000000004,6.1,53,117,45.300000000000004,0.1,1,2,50.0
MIA,20,20,6.0,61,116,52.6,52.6,5.800000000000001,61,113,54.0,0.2,0,3,0.0
LAC,22,22,5.800000000000001,51,113,45.1,45.1,5.7,51,111,45.9,0.1,0,2,0.0
UTA,20,20,6.1,55,112,49.1,49.1,6.1,55,112,49.1,0.0,0,0,
NYK,21,21,6.1,63,110,57.3,58.199999999999996,5.8999999999999995,61,106,57.49999999999999,0.2,2,4,50.0
NOP,22,22,5.3,55,103,53.400000000000006,53.400000000000006,5.2,55,102,53.900000000000006,0.1,0,1,0.0
MIN,21,21,5.4,47,100,47.0,47.5,5.3,46,98,46.9,0.1,1,2,50.0
LAL,20,19,5.0,41,86,47.699999999999996,48.3,4.8,40,84,47.599999999999994,0.1,1,2,50.0
