TEAM,GP,G,Freq%,FGM,FGA,FG%,eFG%,2FG Freq%,2FGM,2FGA,2FG%,3FG Freq%,3PM,3PA,3P%
DAL,19,19,9.1,72,162,44.4,44.800000000000004,8.9,71,158,44.9,0.2,1,4,25.0
CHI,17,17,8.4,68,137,49.6,50.0,8.3,67,135,49.6,0.1,1,2,50.0
GSW,19,19,8.0,61,135,45.2,45.2,7.9,61,133,45.9,0.1,0,2,0.0
CLE,19,19,7.7,58,128,45.300000000000004,45.300000000000004,7.5,58,125,46.400000000000006,0.2,0,3,0.0
POR,18,18,7.9,57,125,45.6,45.6,7.5,57,118,48.3,0.4,0,7,0.0
BOS,17,17,8.7,55,125,44.0,44.0,8.5,55,122,45.1,0.2,0,3,0.0
CHA,17,17,7.8,65,119,54.6,55.50000000000001,7.6,63,115,54.800000000000004,0.3,2,4,50.0
ORL,18,18,7.5,49,119,41.199999999999996,41.199999999999996,7.3999999999999995,49,117,41.9,0.1,0,2,0.0
MIL,18,18,7.5,57,118,48.3,48.3,7.199999999999999,57,114,50.0,0.3,0,4,0.0
PHI,16,16,7.9,38,115,33.0,33.0,7.9,38,115,33.0,0.0,0,0,
OKC,18,18,7.3,46,114,40.400000000000006,40.400000000000006,7.199999999999999,46,112,41.099999999999994,0.1,0,2,0.0
IND,17,17,7.3,57,112,50.9,51.300000000000004,7.000000000000001,56,107,52.300000000000004,0.3,1,5,20.0
ATL,18,18,6.7,47,107,43.9,43.9,6.7,47,107,43.9,0.0,0,0,
MIA,18,18,6.0,57,105,54.300000000000004,54.300000000000004,5.800000000000001,57,102,55.900000000000006,0.2,0,3,0.0
PHX,18,18,6.7,38,105,36.199999999999996,36.199999999999996,6.5,38,102,37.3,0.2,0,3,0.0
DET,17,17,7.1,45,104,43.3,43.3,7.000000000000001,45,102,44.1,0.1,0,2,0.0
TOR,18,18,6.4,46,100,46.0,46.5,6.3,45,98,45.9,0.1,1,2,50.0
SAS,16,16,6.9,45,98,45.9,46.9,6.7,43,95,45.300000000000004,0.2,2,3,66.7
MEM,18,17,6.0,53,97,54.6,55.7,5.7,51,92,55.400000000000006,0.3,2,5,40.0
UTA,17,17,6.2,51,97,52.6,52.6,6.2,51,97,52.6,0.0,0,0,
HOU,15,15,7.199999999999999,47,95,49.5,49.5,7.000000000000001,47,93,50.5,0.2,0,2,0.0
WAS,16,16,6.2,40,95,42.1,43.2,6.0,38,92,41.3,0.2,2,3,66.7
BKN,17,17,6.3,51,93,54.800000000000004,54.800000000000004,6.3,51,93,54.800000000000004,0.0,0,0,
SAC,18,18,5.4,49,88,55.7,55.7,5.4,49,88,55.7,0.0,0,0,
DEN,17,17,5.7,37,88,42.0,42.0,5.6000000000000005,37,87,42.5,0.1,0,1,0.0
NOP,18,18,5.3,49,83,59.0,59.0,5.2,49,82,59.8,0.1,0,1,0.0
LAC,17,17,5.5,33,83,39.800000000000004,39.800000000000004,5.4,33,81,40.699999999999996,0.1,0,2,0.0
MIN,17,17,5.4,40,82,48.8,49.4,5.3,39,80,48.8,0.1,1,2,50.0
NYK,16,16,5.8999999999999995,44,81,54.300000000000004,54.900000000000006,5.7,43,79,54.400000000000006,0.1,1,2,50.0
LAL,16,16,5.4,37,75,49.3,50.0,5.4,36,74,48.6,0.1,1,1,100.0
