TEAM,GP,G,Freq%,FGM,FGA,FG%,eFG%,2FG Freq%,2FGM,2FGA,2FG%,3FG Freq%,3PM,3PA,3P%
ORL,8,8,8.7,24,61,39.300000000000004,39.300000000000004,8.5,24,60,40.0,0.1,0,1,0.0
CHA,8,8,8.1,34,58,58.599999999999994,60.3,7.7,32,55,58.199999999999996,0.4,2,3,66.7
GSW,8,8,8.0,32,57,56.10000000000001,56.10000000000001,7.9,32,56,57.099999999999994,0.1,0,1,0.0
DAL,7,7,8.4,26,55,47.3,47.3,8.3,26,54,48.1,0.2,0,1,0.0
BOS,8,8,8.0,27,54,50.0,50.0,7.9,27,53,50.9,0.1,0,1,0.0
TOR,8,8,7.9,25,54,46.300000000000004,46.300000000000004,7.8,25,53,47.199999999999996,0.1,0,1,0.0
ATL,8,8,7.000000000000001,24,51,47.099999999999994,47.099999999999994,7.000000000000001,24,51,47.099999999999994,0.0,0,0,
OKC,8,8,7.3,22,51,43.1,43.1,7.3,22,51,43.1,0.0,0,0,
PHX,8,8,7.1,18,51,35.3,35.3,6.800000000000001,18,49,36.7,0.3,0,2,0.0
POR,7,7,8.799999999999999,20,50,40.0,40.0,7.9,20,45,44.4,0.8999999999999999,0,5,0.0
PHI,7,7,7.199999999999999,15,47,31.900000000000002,31.900000000000002,7.199999999999999,15,47,31.900000000000002,0.0,0,0,
LAL,8,8,6.6000000000000005,23,46,50.0,50.0,6.6000000000000005,23,46,50.0,0.0,0,0,
MIL,8,8,6.4,14,46,30.4,30.4,6.0,14,43,32.6,0.4,0,3,0.0
IND,7,7,7.199999999999999,26,45,57.8,57.8,7.000000000000001,26,44,59.099999999999994,0.2,0,1,0.0
MEM,8,7,6.4,24,45,53.300000000000004,53.300000000000004,6.1,24,43,55.800000000000004,0.3,0,2,0.0
DET,7,7,7.000000000000001,13,42,31.0,31.0,6.800000000000001,13,41,31.7,0.2,0,1,0.0
CLE,7,7,6.800000000000001,21,41,51.2,51.2,6.800000000000001,21,41,51.2,0.0,0,0,
CHI,7,7,6.4,19,41,46.300000000000004,46.300000000000004,6.4,19,41,46.300000000000004,0.0,0,0,
NOP,7,7,6.3,24,39,61.5,61.5,6.3,24,39,61.5,0.0,0,0,
MIA,7,7,6.1,21,39,53.800000000000004,53.800000000000004,5.8999999999999995,21,38,55.300000000000004,0.2,0,1,0.0
WAS,7,7,5.7,18,38,47.4,48.699999999999996,5.6000000000000005,17,37,45.9,0.2,1,1,100.0
UTA,7,7,5.5,19,35,54.300000000000004,54.300000000000004,5.5,19,35,54.300000000000004,0.0,0,0,
SAC,7,7,5.5,17,34,50.0,50.0,5.5,17,34,50.0,0.0,0,0,
BKN,7,7,5.5,17,33,51.5,51.5,5.5,17,33,51.5,0.0,0,0,
HOU,6,6,5.8999999999999995,15,33,45.5,45.5,5.7,15,32,46.9,0.2,0,1,0.0
NYK,7,7,5.5,20,32,62.5,64.1,5.3,19,31,61.3,0.2,1,1,100.0
MIN,7,7,5.3,18,32,56.3,56.3,5.1,18,31,58.099999999999994,0.2,0,1,0.0
SAS,6,6,6.0,10,31,32.300000000000004,33.900000000000006,5.6000000000000005,9,29,31.0,0.4,1,2,50.0
LAC,7,7,4.9,13,30,43.3,43.3,4.9,13,30,43.3,0.0,0,0,
DEN,6,6,5.0,12,27,44.4,44.4,5.0,12,27,44.4,0.0,0,0,
