TEAM,GP,G,Freq%,FGM,FGA,FG%,eFG%,2FG Freq%,2FGM,2FGA,2FG%,3FG Freq%,3PM,3PA,3P%
BOS,10,10,9.0,39,75,52.0,52.0,8.9,39,74,52.7,0.1,0,1,0.0
DAL,9,9,8.7,32,72,44.4,44.4,8.6,32,71,45.1,0.1,0,1,0.0
GSW,10,10,7.9,34,69,49.3,49.3,7.8,34,68,50.0,0.1,0,1,0.0
ORL,9,9,8.4,27,67,40.300000000000004,40.300000000000004,8.3,27,66,40.9,0.1,0,1,0.0
CHA,9,9,8.1,36,66,54.50000000000001,56.10000000000001,7.7,34,63,54.0,0.4,2,3,66.7
TOR,9,9,8.200000000000001,28,64,43.8,43.8,8.1,28,63,44.4,0.1,0,1,0.0
OKC,10,10,6.9,22,61,36.1,36.1,6.9,22,61,36.1,0.0,0,0,
MIL,9,9,7.3,23,59,39.0,39.0,7.000000000000001,23,56,41.099999999999994,0.4,0,3,0.0
MEM,10,9,6.5,33,58,56.89999999999999,57.8,6.2,32,55,58.199999999999996,0.3,1,3,33.300000000000004
POR,8,8,8.4,21,55,38.2,38.2,7.3999999999999995,21,49,42.9,0.8999999999999999,0,6,0.0
PHX,9,9,6.9,18,55,32.7,32.7,6.7,18,53,34.0,0.3,0,2,0.0
ATL,9,9,6.6000000000000005,26,54,48.1,48.1,6.6000000000000005,26,54,48.1,0.0,0,0,
CLE,9,9,6.9,23,54,42.6,42.6,6.800000000000001,23,53,43.4,0.1,0,1,0.0
DET,9,9,6.9,18,53,34.0,34.0,6.7,18,51,35.3,0.3,0,2,0.0
WAS,9,9,6.0,24,52,46.2,48.1,5.800000000000001,22,50,44.0,0.2,2,2,100.0
UTA,9,9,6.2,27,51,52.900000000000006,52.900000000000006,6.2,27,51,52.900000000000006,0.0,0,0,
MIA,9,9,6.1,26,51,51.0,51.0,6.0,26,50,52.0,0.1,0,1,0.0
IND,8,8,7.199999999999999,26,51,51.0,51.0,6.9,26,49,53.1,0.3,0,2,0.0
PHI,8,8,6.9,17,51,33.300000000000004,33.300000000000004,6.9,17,51,33.300000000000004,0.0,0,0,
CHI,8,8,6.4,23,48,47.9,47.9,6.4,23,48,47.9,0.0,0,0,
BKN,9,9,6.0,26,47,55.300000000000004,55.300000000000004,6.0,26,47,55.300000000000004,0.0,0,0,
LAL,9,9,6.1,23,47,48.9,48.9,6.1,23,47,48.9,0.0,0,0,
NOP,8,8,6.5,29,46,63.0,63.0,6.5,29,46,63.0,0.0,0,0,
SAC,9,9,5.6000000000000005,23,45,51.1,51.1,5.6000000000000005,23,45,51.1,0.0,0,0,
HOU,8,8,6.1,19,45,42.199999999999996,42.199999999999996,6.0,19,44,43.2,0.1,0,1,0.0
SAS,8,8,6.4,16,44,36.4,37.5,6.1,15,42,35.699999999999996,0.3,1,2,50.0
MIN,9,9,5.1,23,41,56.10000000000001,56.10000000000001,5.0,23,40,57.49999999999999,0.1,0,1,0.0
NYK,8,8,6.0,24,40,60.0,61.3,5.800000000000001,23,39,59.0,0.1,1,1,100.0
DEN,8,8,5.0,16,36,44.4,44.4,5.0,16,36,44.4,0.0,0,0,
LAC,8,8,4.6,13,32,40.6,40.6,4.6,13,32,40.6,0.0,0,0,
