TEAM,GP,G,Freq%,FGM,FGA,FG%,eFG%,2FG Freq%,2FGM,2FGA,2FG%,3FG Freq%,3PM,3PA,3P%
DAL,19,19,9.1,72,162,44.4,44.800000000000004,8.9,71,158,44.9,0.2,1,4,25.0
CHI,17,17,8.4,68,137,49.6,50.0,8.3,67,135,49.6,0.1,1,2,50.0
GSW,19,19,8.0,61,135,45.2,45.2,7.9,61,133,45.9,0.1,0,2,0.0
BOS,18,18,8.6,55,132,41.699999999999996,41.699999999999996,8.4,55,129,42.6,0.2,0,3,0.0
CLE,19,19,7.7,58,128,45.300000000000004,45.300000000000004,7.5,58,125,46.400000000000006,0.2,0,3,0.0
PHI,17,17,8.1,43,126,34.1,34.1,8.1,43,126,34.1,0.0,0,0,
POR,18,18,7.9,57,125,45.6,45.6,7.5,57,118,48.3,0.4,0,7,0.0
ORL,19,19,7.5,49,125,39.2,39.2,7.3999999999999995,49,123,39.800000000000004,0.1,0,2,0.0
CHA,18,18,7.7,68,124,54.800000000000004,55.60000000000001,7.5,66,120,55.00000000000001,0.2,2,4,50.0
MIL,18,18,7.5,57,118,48.3,48.3,7.199999999999999,57,114,50.0,0.3,0,4,0.0
OKC,18,18,7.3,46,114,40.400000000000006,40.400000000000006,7.199999999999999,46,112,41.099999999999994,0.1,0,2,0.0
IND,17,17,7.3,57,112,50.9,51.300000000000004,7.000000000000001,56,107,52.300000000000004,0.3,1,5,20.0
DET,18,18,7.1,47,110,42.699999999999996,42.699999999999996,7.000000000000001,47,108,43.5,0.1,0,2,0.0
ATL,19,19,6.5,48,109,44.0,44.0,6.5,48,109,44.0,0.0,0,0,
MIA,18,18,6.0,57,105,54.300000000000004,54.300000000000004,5.800000000000001,57,102,55.900000000000006,0.2,0,3,0.0
PHX,18,18,6.7,38,105,36.199999999999996,36.199999999999996,6.5,38,102,37.3,0.2,0,3,0.0
WAS,17,17,6.2,45,101,44.6,46.0,6.0,42,97,43.3,0.2,3,4,75.0
TOR,18,18,6.4,46,100,46.0,46.5,6.3,45,98,45.9,0.1,1,2,50.0
SAS,16,16,6.9,45,98,45.9,46.9,6.7,43,95,45.300000000000004,0.2,2,3,66.7
MEM,18,17,6.0,53,97,54.6,55.7,5.7,51,92,55.400000000000006,0.3,2,5,40.0
UTA,17,17,6.2,51,97,52.6,52.6,6.2,51,97,52.6,0.0,0,0,
HOU,15,15,7.199999999999999,47,95,49.5,49.5,7.000000000000001,47,93,50.5,0.2,0,2,0.0
BKN,17,17,6.3,51,93,54.800000000000004,54.800000000000004,6.3,51,93,54.800000000000004,0.0,0,0,
LAC,18,18,5.7,39,91,42.9,42.9,5.6000000000000005,39,89,43.8,0.1,0,2,0.0
SAC,18,18,5.4,49,88,55.7,55.7,5.4,49,88,55.7,0.0,0,0,
DEN,17,17,5.7,37,88,42.0,42.0,5.6000000000000005,37,87,42.5,0.1,0,1,0.0
NYK,17,17,6.0,46,87,52.900000000000006,53.400000000000006,5.800000000000001,45,84,53.6,0.2,1,3,33.300000000000004
NOP,18,18,5.3,49,83,59.0,59.0,5.2,49,82,59.8,0.1,0,1,0.0
MIN,17,17,5.4,40,82,48.8,49.4,5.3,39,80,48.8,0.1,1,2,50.0
LAL,17,17,5.3,38,78,48.699999999999996,49.4,5.3,37,77,48.1,0.1,1,1,100.0
