TEAM,GP,G,Freq%,FGM,FGA,FG%,eFG%,2FG Freq%,2FGM,2FGA,2FG%,3FG Freq%,3PM,3PA,3P%
DAL,12,12,9.0,41,99,41.4,41.4,8.7,41,96,42.699999999999996,0.3,0,3,0.0
BOS,13,13,8.5,43,93,46.2,46.2,8.3,43,91,47.3,0.2,0,2,0.0
GSW,13,13,7.7,42,88,47.699999999999996,47.699999999999996,7.5,42,86,48.8,0.2,0,2,0.0
ORL,12,12,8.200000000000001,38,87,43.7,43.7,8.0,38,85,44.7,0.2,0,2,0.0
CHA,11,11,8.3,44,82,53.7,54.900000000000006,8.0,42,79,53.2,0.3,2,3,66.7
CLE,12,12,7.6,37,80,46.300000000000004,46.300000000000004,7.5,37,79,46.800000000000004,0.1,0,1,0.0
MIL,12,12,7.5,35,80,43.8,43.8,7.199999999999999,35,77,45.5,0.3,0,3,0.0
OKC,13,13,7.000000000000001,26,79,32.9,32.9,7.000000000000001,26,79,32.9,0.0,0,0,
ATL,12,12,7.199999999999999,34,77,44.2,44.2,7.199999999999999,34,77,44.2,0.0,0,0,
DET,12,12,7.5,32,77,41.6,41.6,7.3,32,75,42.699999999999996,0.2,0,2,0.0
POR,11,11,8.3,32,77,41.6,41.6,7.5,32,70,45.7,0.8,0,7,0.0
CHI,11,11,7.5,37,76,48.699999999999996,49.3,7.3999999999999995,36,75,48.0,0.1,1,1,100.0
WAS,12,12,6.5,30,76,39.5,40.8,6.3,28,73,38.4,0.3,2,3,66.7
IND,11,11,7.6,36,75,48.0,48.699999999999996,7.3,35,72,48.6,0.3,1,3,33.300000000000004
MIA,12,12,6.3,42,74,56.8,56.8,6.2,42,73,57.49999999999999,0.1,0,1,0.0
TOR,11,11,7.6,30,72,41.699999999999996,41.699999999999996,7.5,30,71,42.3,0.1,0,1,0.0
PHX,12,12,6.800000000000001,26,71,36.6,36.6,6.6000000000000005,26,69,37.7,0.2,0,2,0.0
PHI,11,11,7.000000000000001,20,70,28.599999999999998,28.599999999999998,7.000000000000001,20,70,28.599999999999998,0.0,0,0,
MEM,13,12,5.800000000000001,38,69,55.1,55.800000000000004,5.6000000000000005,37,66,56.10000000000001,0.3,1,3,33.300000000000004
SAS,11,11,6.6000000000000005,27,63,42.9,44.4,6.3,25,60,41.699999999999996,0.3,2,3,66.7
UTA,11,11,6.2,34,62,54.800000000000004,54.800000000000004,6.2,34,62,54.800000000000004,0.0,0,0,
BKN,11,11,6.0,35,58,60.3,60.3,6.0,35,58,60.3,0.0,0,0,
SAC,12,12,5.4,34,58,58.599999999999994,58.599999999999994,5.4,34,58,58.599999999999994,0.0,0,0,
HOU,10,10,6.4,27,58,46.6,46.6,6.3,27,57,47.4,0.1,0,1,0.0
NOP,11,11,5.800000000000001,34,56,60.699999999999996,60.699999999999996,5.7,34,55,61.8,0.1,0,1,0.0
LAL,12,12,5.4,28,55,50.9,51.800000000000004,5.3,27,54,50.0,0.1,1,1,100.0
DEN,11,11,5.3,19,52,36.5,36.5,5.2,19,51,37.3,0.1,0,1,0.0
NYK,11,11,5.4,27,50,54.0,55.00000000000001,5.3,26,49,53.1,0.1,1,1,100.0
MIN,11,11,5.1,27,50,54.0,54.0,5.0,27,49,55.1,0.1,0,1,0.0
LAC,11,11,4.6,16,44,36.4,36.4,4.6,16,44,36.4,0.0,0,0,
