TEAM,GP,G,Freq%,FGM,FGA,FG%,eFG%,2FG Freq%,2FGM,2FGA,2FG%,3FG Freq%,3PM,3PA,3P%
DET,1,1,34.4,18,32,56.3,62.5,26.900000000000002,14,25,56.00000000000001,7.5,4,7,57.099999999999994
MIN,1,1,38.6,12,32,37.5,45.300000000000004,19.3,7,16,43.8,19.3,5,16,31.3
MIL,1,1,38.3,15,31,48.4,51.6,24.7,13,20,65.0,13.600000000000001,2,11,18.2
NYK,1,1,34.9,18,30,60.0,73.3,16.3,10,14,71.39999999999999,18.6,8,16,50.0
IND,1,1,35.699999999999996,11,30,36.7,41.699999999999996,17.9,8,15,53.300000000000004,17.9,3,15,20.0
LAC,1,1,25.5,9,24,37.5,43.8,11.700000000000001,6,11,54.50000000000001,13.8,3,13,23.1
LAL,1,1,23.3,5,20,25.0,30.0,5.800000000000001,3,5,60.0,17.4,2,15,13.3
DEN,1,1,19.8,9,17,52.900000000000006,58.8,11.600000000000001,7,10,70.0,8.1,2,7,28.599999999999998
