TEAM,GP,G,Freq%,FGM,FGA,FG%,eFG%,2FG Freq%,2FGM,2FGA,2FG%,3FG Freq%,3PM,3PA,3P%
LAL,1,1,34.9,21,30,70.0,101.69999999999999,3.5000000000000004,2,3,66.7,31.4,19,27,70.39999999999999
MIL,1,1,34.599999999999994,16,28,57.099999999999994,76.8,6.2,5,5,100.0,28.4,11,23,47.8
MIN,1,1,30.099999999999998,11,25,44.0,64.0,4.8,1,4,25.0,25.3,10,21,47.599999999999994
LAC,1,1,22.3,10,21,47.599999999999994,61.9,8.5,4,8,50.0,13.8,6,13,46.2
IND,1,1,22.6,4,19,21.099999999999998,31.6,1.2,0,1,0.0,21.4,4,18,22.2
NYK,1,1,19.8,9,17,52.900000000000006,70.6,9.3,3,8,37.5,10.5,6,9,66.7
DET,1,1,17.2,8,16,50.0,68.8,2.1999999999999997,2,2,100.0,15.1,6,14,42.9
DEN,1,1,15.1,5,13,38.5,53.800000000000004,1.2,1,1,100.0,14.000000000000002,4,12,33.300000000000004
